cd_localidade;nm_localidade;cd_setor;cd_sit;nm_sit;cd_uf;nm_uf;sigla_uf;cd_mun;nm_mun;cd_dist;nm_dist;cd_subdist;nm_subdist;cagece_sistema_de_abastecimento;lat(y);long(x)
"23001500500005300";Carro Atolado;"230015005000053";"8";Área Rural (exclusive aglomerados);"23";Ceará;CE;"2300150";Acarape;"230015005";Acarape;"23001500500";;SISTEMA INTEGRADO DE REDENÇÃO;"-4.275044";"-38.683791"
"23001500500003700";Cantagalo;"230015005000037";"5";Povoado;"23";Ceará;CE;"2300150";Acarape;"230015005";Acarape;"23001500500";;SISTEMA INTEGRADO DE REDENÇÃO;"-4.268603336398285";"-38.68629794569886"
"23012081500000800";Capivara;"230120815000008";"5";Povoado;"23";Ceará;CE;"2301208";Aracoiaba;"230120815";Ideal;"23012081500";;SI OCARA;"-4.459443382493719";"-38.65170020752214"
"23012080500002200";Baixio;"230120805000022";"5";Povoado;"23";Ceará;CE;"2301208";Aracoiaba;"230120805";Aracoiaba;"23012080500";;SISTEMA INTEGRADO DE ARACOIABA;"-4.393239761760646";"-38.77794538597122"
"23012080500000800";Encosta;"230120805000008";"5";Povoado;"23";Ceará;CE;"2301208";Aracoiaba;"230120805";Aracoiaba;"23012080500";;SISTEMA INTEGRADO DE ARACOIABA;"-4.377128578188164";"-38.778810067706644"
"23012080500002400";Oiticica;"230120805000024";"5";Povoado;"23";Ceará;CE;"2301208";Aracoiaba;"230120805";Aracoiaba;"23012080500";;SISTEMA INTEGRADO DE ARACOIABA;"-4.353362448490583";"-38.792298395155065"
"23012080500002300";Batimbal;"230120805000023";"5";Povoado;"23";Ceará;CE;"2301208";Aracoiaba;"230120805";Aracoiaba;"23012080500";;SISTEMA INTEGRADO DE ARACOIABA;"-4.381267239289253";"-38.83223801657181"
"23065041000000500";Bico da Arara;"230650410000005";"8";Área Rural (exclusive aglomerados);"23";Ceará;CE;"2306504";Itapiúna;"230650410";Caio Prado;"23065041000";;SI ITAPIÚNA;"-4.629346906682336";"-38.927223721206126"
"23065041000000700";Barra Nova;"230650410000007";"7";Lugarejo;"23";Ceará;CE;"2306504";Itapiúna;"230650410";Caio Prado;"23065041000";;SI ITAPIÚNA;"-4.608757388882207";"-38.919815713831206"
"23062560500001700";Carapió;"230625605000017";"1";Área Urbana de Alta Densidade de Edificações;"23";Ceará;CE;"2306256";Itaitinga;"230625605";Itaitinga;"23062560500";;;"-3.96690758226257";"-38.555539672681505"
"23077002600000204";Cajazeiras;"230770026000002";"8";Área Rural (exclusive aglomerados);"23";Ceará;CE;"2307700";Maranguape;"230770026";Ladeira Grande;"23077002600";;SAA SAPUPARA;"-3.9962158657760263";"-38.706515219242824"
"23077002600000400";Cacimbão;"230770026000004";"8";Área Rural (exclusive aglomerados);"23";Ceará;CE;"2307700";Maranguape;"230770026";Ladeira Grande;"23077002600";;SAA SAPUPARA;"-3.9852354661606144";"-38.72591836578508"
"23077003300000200";Trapiá;"230770033000002";"8";Área Rural (exclusive aglomerados);"23";Ceará;CE;"2307700";Maranguape;"230770033";Penedo;"23077003300";;SAA SAPUPARA;"-3.9685068923565114";"-38.76643291909668"
"23062560500008300";Lagoa de Dentro;"230625605000083";"2";Área Urbana de Baixa Densidade de Edificações;"23";Ceará;CE;"2306256";Itaitinga;"230625605";Itaitinga;"23062560500";;ETA Itaitinga;"-3.9956867837572356";"-38.57220950969969"
"23053321500000700";Antônio Pereira;"230533215000007";"5";Povoado;"23";Ceará;CE;"2305332";Ibicuitinga;"230533215";Canindezinho;"23053321500";;SI IBICUITINGA;"-5.009311587095249";"-38.510536143509235"
"23053323000000500";Currais;"230533230000005";"5";Povoado;"23";Ceará;CE;"2305332";Ibicuitinga;"230533230";Viçosa;"23053323000";;SI IBICUITINGA;"-5.001178915094472";"-38.56834358954871"
"23034020500004600";Faveira;"230340205000046";"5";Povoado;"23";Ceará;CE;"2303402";Carnaubal;"230340205";Carnaubal;"23034020500";;SAA FAVEIRA;"-4.060442958719582";"-40.952330388933206"
"23053080500004601";Pituba;"230530805000046";"5";Povoado;"23";Ceará;CE;"2305308";Ibiapina;"230530805";Ibiapina;"23053080500";;SI COMPLEXO JABURU;"-3.9652805444317667";"-40.880111034798304"
"23053080500003900";Janeiro;"230530805000039";"5";Povoado;"23";Ceará;CE;"2305308";Ibiapina;"230530805";Ibiapina;"23053080500";;SI COMPLEXO JABURU;"-3.9489407140206603";"-40.9025785326405"
"23134010500004500";Sítio São José;"231340105000045";"2";Área Urbana de Baixa Densidade de Edificações;"23";Ceará;CE;"2313401";Tianguá;"231340105";Tianguá;"23134010500";;SI COMPLEXO JABURU;"-3.7479803953397255";"-40.963230519436934"
"23134010500010200";Itaguaruna;"231340105000102";"5";Povoado;"23";Ceará;CE;"2313401";Tianguá;"231340105";Tianguá;"23134010500";;SI COMPLEXO JABURU;"-3.7482207153914264";"-40.91824252739195"
"23141022500000500";Inharim;"231410225000005";"5";Povoado;"23";Ceará;CE;"2314102";Viçosa do Ceará;"231410225";Quatiguaba;"23141022500";;SI COMPLEXO JABURU;"-3.6810485228019334";"-41.10487635130147"
"23141022500001800";Queimadas;"231410225000018";"5";Povoado;"23";Ceará;CE;"2314102";Viçosa do Ceará;"231410225";Quatiguaba;"23141022500";;SI COMPLEXO JABURU;"-3.656315341327091";"-41.095036429303256"
"23049051500000401";Cantagalo;"230490515000004";"8";Área Rural (exclusive aglomerados);"23";Ceará;CE;"2304905";Groaíras;"230490515";Itamaracá;"23049051500";;SIAA ETA GROAÍRAS;"-3.8921086266735716";"-40.372208993542095"
"23090030500000804";Chapada;"230900305000008";"8";Área Rural (exclusive aglomerados);"23";Ceará;CE;"2309003";Mucambo;"230900305";Mucambo;"23090030500";;SAA MUCAMBO;"-3.909426993554694";"-40.778126924739965"
"23137573000001000";São Joaquim;"231375730000010";"8";Área Rural (exclusive aglomerados);"23";Ceará;CE;"2313757";Umirim;"231375730";São Joaquim;"23137573000";;SAA SÃO JOAQUIM;"-3.6706595817270196";"-39.45251623578776"
"23137573000001400";São Joaquim;"231375730000014";"5";Povoado;"23";Ceará;CE;"2313757";Umirim;"231375730";São Joaquim;"23137573000";;SAA SÃO JOAQUIM;"-3.652573405749971";"-39.46951190566465"
"23023050500001405";Salinas;"230230505000014";"8";Área Rural (exclusive aglomerados);"23";Ceará;CE;"2302305";Bela Cruz;"230230505";Bela Cruz;"23023050500";;SAA ETA BELA CRUZ;"-3.120895165396488";"-40.174589957584985"
"23042510500001200";Paraguai;"230425105000012";"5";Povoado;"23";Ceará;CE;"2304251";Cruz;"230425105";Cruz;"23042510500";;SAA ETA PARAGUAI;"-2.9095502657340777";"-40.415339727321175"
"23072540500005100";Jericoacoara;"230725405000051";"5";Povoado;"23";Ceará;CE;"2307254";Jijoca de Jericoacoara;"230725405";Jijoca de Jericoacoara;"23072540500";;SAA ETA JERICOACOARA;"-2.79546955671611";"-40.51525526120263"
"23011090700000300";Boca do Forno;"230110907000003";"5";Povoado;"23";Ceará;CE;"2301109";Aracati;"230110907";Barreira dos Vianas;"23011090700";;ARACATI;"-4.6656568543797485";"-37.820219340147155"
"23011091000000300";Tabuleiro;"230110910000003";"5";Povoado;"23";Ceará;CE;"2301109";Aracati;"230110910";Cabreiro;"23011091000";;CABREIRO;"-4.6164217148333595";"-37.83158512849882"
"23011090500005000";Pedra Redonda;"230110905000050";"3";Núcleo Urbano;"23";Ceará;CE;"2301109";Aracati;"230110905";Aracati;"23011090500";;MAJORLANDIA;"-4.59307462473398";"-37.797227808784534"
"23011090500003400";Quixaba;"230110905000034";"3";Núcleo Urbano;"23";Ceará;CE;"2301109";Aracati;"230110905";Aracati;"23011090500";;ARACATI;"-4.571899740405544";"-37.659187862182904"
"23011090500008300";Majorlândia;"230110905000083";"3";Núcleo Urbano;"23";Ceará;CE;"2301109";Aracati;"230110905";Aracati;"23011090500";;ARACATI;"-4.554184320146726";"-37.67435598367665"
"23011090500008800";Canoa Quebrada;"230110905000088";"3";Núcleo Urbano;"23";Ceará;CE;"2301109";Aracati;"230110905";Aracati;"23011090500";;ARACATI;"-4.525946897681236";"-37.70537212268647"
"23011090500008500";Volta;"230110905000085";"7";Lugarejo;"23";Ceará;CE;"2301109";Aracati;"230110905";Aracati;"23011090500";;MAJORLANDIA;"-4.53858296046296";"-37.78919013221793"
"23011090500006000";Córrego da Inveja;"230110905000060";"8";Área Rural (exclusive aglomerados);"23";Ceará;CE;"2301109";Aracati;"230110905";Aracati;"23011090500";;ARACATI;"-4.5091317055418605";"-37.80020042894543"
"23022060500001100";Morro Branco;"230220605000011";"1";Área Urbana de Alta Densidade de Edificações;"23";Ceará;CE;"2302206";Beberibe;"230220605";Beberibe;"23022060500";;ETA Beberibe;"-4.155098198525043";"-38.11434589592296"
"23019502500000802";Cocos;"230195025000008";"8";Área Rural (exclusive aglomerados);"23";Ceará;CE;"2301950";Barreira;"230195025";Lagoa Grande;"23019502500";;SISTEMA INTEGRADO DE REDENÇÃO;"-4.2970251552483765";"-38.6768245461859"
"23019500500000602";Cajueiro;"230195005000006";"8";Área Rural (exclusive aglomerados);"23";Ceará;CE;"2301950";Barreira;"230195005";Barreira;"23019500500";;SISTEMA INTEGRADO DE REDENÇÃO;"-4.266724804711619";"-38.62432582706819"
"23019500500000901";Batalha;"230195005000009";"8";Área Rural (exclusive aglomerados);"23";Ceará;CE;"2301950";Barreira;"230195005";Barreira;"23019500500";;SISTEMA INTEGRADO DE REDENÇÃO;"-4.257238270890171";"-38.621965074722894"
"23103080500003901";Santa Rita;"231030805000039";"2";Área Urbana de Baixa Densidade de Edificações;"23";Ceará;CE;"2310308";Parambu;"231030805";Parambu;"23103080500";;SI PARAMBU;"-6.226234251339435";"-40.677124576546085"
"23036000500000700";São Gonçalo;"230360005000007";"5";Povoado;"23";Ceará;CE;"2303600";Catarina;"230360005";Catarina;"23036000500";;SI CATARINA;"-6.270425293269063";"-39.92922375552882"
"23013070500001002";Sítio Merense;"230130705000010";"8";Área Rural (exclusive aglomerados);"23";Ceará;CE;"2301307";Araripe;"230130705";Araripe;"23013070500";;SI ALAGOINHA;"-7.145998548364322";"-40.20270694601902"
"23010000500001500";Prainha;"230100005000015";"1";Área Urbana de Alta Densidade de Edificações;"23";Ceará;CE;"2301000";Aquiraz;"230100005";Aquiraz;"23010000500";;ETA Aquiraz;"-3.902061481817145";"-38.34751838730785"
"23062560500007100";Riachão;"230625605000071";"8";Área Rural (exclusive aglomerados);"23";Ceará;CE;"2306256";Itaitinga;"230625605";Itaitinga;"23062560500";;ETA Itaitinga;"-4.077180976480968";"-38.569619547639846"
"23064050500015201";Lagoa da Cruz;"230640505000152";"8";Área Rural (exclusive aglomerados);"23";Ceará;CE;"2306405";Itapipoca;"230640505";Itapipoca;"23064050500";;SAA LAGOA DA CRUZ;"-3.4357419170624066";"-39.59908512283176"
"23097063500004300";Timbó Velho;"230970635000043";"1";Área Urbana de Alta Densidade de Edificações;"23";Ceará;CE;"2309706";Pacatuba;"230970635";Pavuna;"23097063500";;SI FORTALEZA;"-3.8904312740450484";"-38.594912791794485"
"23065531000000700";Torrões;"230655310000007";"5";Povoado;"23";Ceará;CE;"2306553";Itarema;"230655310";Almofala;"23065531000";;SAA TORRÔES;"-2.9544374583630155";"-39.79606623229605"
"23011090500009700";Baixio;"230110905000097";"5";Povoado;"23";Ceará;CE;"2301109";Aracati;"230110905";Aracati;"23011090500";;ARACATI;"-4.528788969852797";"-37.80072354135071"
"23108030500000600";Pereiro;"231080305000006";"8";Área Rural (exclusive aglomerados);"23";Ceará;CE;"2310803";Pereiro;"231080305";Pereiro;"23108030500";;PEREIRO;"-5.976957619726685";"-38.42255740164519"
"23108030500001001";Pereiro;"231080305000010";"8";Área Rural (exclusive aglomerados);"23";Ceará;CE;"2310803";Pereiro;"231080305";Pereiro;"23108030500";;PEREIRO;"-6.063173411635267";"-38.51104542100287"
"23039560500000604";Chorozinho;"230395605000006";"8";Área Rural (exclusive aglomerados);"23";Ceará;CE;"2303956";Chorozinho;"230395605";Chorozinho;"23039560500";;ETA Horizonte;"-4.248322664756215";"-38.48398324873741"
"23062560500007802";Lagoa de Dentro;"230625605000078";"8";Área Rural (exclusive aglomerados);"23";Ceará;CE;"2306256";Itaitinga;"230625605";Itaitinga;"23062560500";;ETA Itaitinga;"-4.0019044188829245";"-38.55534602381203"
"23097063500001601";Alto Fechado;"230970635000016";"2";Área Urbana de Baixa Densidade de Edificações;"23";Ceará;CE;"2309706";Pacatuba;"230970635";Pavuna;"23097063500";;SI FORTALEZA;"-3.891222425930024";"-38.576409356482955"
"23097063300001700";Monguba;"230970633000017";"2";Área Urbana de Baixa Densidade de Edificações;"23";Ceará;CE;"2309706";Pacatuba;"230970633";Monguba;"23097063300";;SAA PACATUBA;"-3.944855420237037";"-38.60993920920493"
"23116033000000300";Barra Nova;"231160330000003";"8";Área Rural (exclusive aglomerados);"23";Ceará;CE;"2311603";Redenção;"231160330";Barra Nova;"23116033000";;SISTEMA INTEGRADO DE REDENÇÃO;"-4.2075025871461476";"-38.80135134716758"
"23092010500003200";Nova Olinda;"230920105000032";"8";Área Rural (exclusive aglomerados);"23";Ceará;CE;"2309201";Nova Olinda;"230920105";Nova Olinda;"23092010500";;BREJO GRANDE (PT PIONEIRO);"-7.088109655568985";"-39.70293731360497"
"23121060500001200";Sítio Mororó;"231210605000012";"7";Lugarejo;"23";Ceará;CE;"2312106";Santana do Cariri;"231210605";Santana do Cariri;"23121060500";;BREJO GRANDE ( PT PIONEIRO);"-7.150069656276387";"-39.717334852227"
"23077003300000803";Penedo;"230770033000008";"8";Área Rural (exclusive aglomerados);"23";Ceará;CE;"2307700";Maranguape;"230770033";Penedo;"23077003300";;SAA SAPUPARA;"-3.9521539691553027";"-38.73263146670874"
"23052092000000306";Irajá;"230520920000003";"8";Área Rural (exclusive aglomerados);"23";Ceará;CE;"2305209";Hidrolândia;"230520920";Irajá;"23052092000";;SIAA ETA IRAJÁ;"-4.375099169197902";"-40.4686871138524"
"23001500500000100";Acarape;"230015005000001";"1";Área Urbana de Alta Densidade de Edificações;"23";Ceará;CE;"2300150";Acarape;"230015005";Acarape;"23001500500";;SISTEMA INTEGRADO DE REDENÇÃO;"-4.223138";"-38.705624"
"23116030500003201";Itapaí;"231160305000032";"5";Povoado;"23";Ceará;CE;"2311603";Redenção;"231160305";Redenção;"23116030500";;SISTEMA INTEGRADO DE REDENÇÃO;"-4.27602";"-38.725148"
"23001500500001001";Riachão do Norte;"230015005000010";"5";Povoado;"23";Ceará;CE;"2300150";Acarape;"230015005";Acarape;"23001500500";;SISTEMA INTEGRADO DE REDENÇÃO;"-4.178061";"-38.692939"
"23002000500000100";Acaraú;"230020005000001";"1";Área Urbana de Alta Densidade de Edificações;"23";Ceará;CE;"2300200";Acaraú;"230020005";Acaraú;"23002000500";;ETA ACARAÚ;"-2.885311";"-40.118241"
"23003090500000100";Acopiara;"230030905000001";"1";Área Urbana de Alta Densidade de Edificações;"23";Ceará;CE;"2300309";Acopiara;"230030905";Acopiara;"23003090500";;ACOPIARA;"-6.092762";"-39.455705"
"23005070500000100";Alcântaras;"230050705000001";"1";Área Urbana de Alta Densidade de Edificações;"23";Ceará;CE;"2300507";Alcântaras;"230050705";Alcântaras;"23005070500";;ETA ACARAÚ;"-3.586984";"-40.544638"
"23006060500001200";Altaneira;"230060605000012";"2";Área Urbana de Baixa Densidade de Edificações;"23";Ceará;CE;"2300606";Altaneira;"230060605";Altaneira;"23006060500";;ALTANEIRA;"-6.997498";"-39.745821"
"23007050500000100";Alto Santo;"230070505000001";"1";Área Urbana de Alta Densidade de Edificações;"23";Ceará;CE;"2300705";Alto Santo;"230070505";Alto Santo;"23007050500";;;"-5.522082";"-38.272778"
"23008040500001400";Antonina do Norte;"230080405000014";"2";Área Urbana de Baixa Densidade de Edificações;"23";Ceará;CE;"2300804";Antonina do Norte;"230080405";Antonina do Norte;"23008040500";;SI ANTONINA DO NORTE;"-6.779688";"-39.982387"
"23008041000000100";Taboleiro;"230080410000001";"1";Área Urbana de Alta Densidade de Edificações;"23";Ceará;CE;"2300804";Antonina do Norte;"230080410";Taboleiro;"23008041000";;SI ANTONINA DO NORTE;"-6.736712";"-39.956687"
"23009030500000100";Apuiarés;"230090305000001";"1";Área Urbana de Alta Densidade de Edificações;"23";Ceará;CE;"2300903";Apuiarés;"230090305";Apuiarés;"23009030500";;SAA APUIARÉS;"-3.948019";"-39.430423"
"23010000500000100";Aquiraz;"230100005000001";"1";Área Urbana de Alta Densidade de Edificações;"23";Ceará;CE;"2301000";Aquiraz;"230100005";Aquiraz;"23010000500";;ETA Aquiraz;"-3.906195";"-38.389803"
"23010003000000100";Tapera;"230100030000001";"1";Área Urbana de Alta Densidade de Edificações;"23";Ceará;CE;"2301000";Aquiraz;"230100030";Tapera;"23010003000";;ETA Riviera;"-3.950993";"-38.345475"
"23011090500000100";Aracati;"230110905000001";"1";Área Urbana de Alta Densidade de Edificações;"23";Ceará;CE;"2301109";Aracati;"230110905";Aracati;"23011090500";;;"-4.567066";"-37.772753"
"23011090500004301";Cumbé;"230110905000043";"5";Povoado;"23";Ceará;CE;"2301109";Aracati;"230110905";Aracati;"23011090500";;ARACATI;"-4.489709";"-37.771258"
"23011091000000100";Cabreiro;"230110910000001";"1";Área Urbana de Alta Densidade de Edificações;"23";Ceará;CE;"2301109";Aracati;"230110910";Cabreiro;"23011091000";;ITAIÇABA;"-4.631113";"-37.828298"
"23012080500000100";Aracoiaba;"230120805000001";"1";Área Urbana de Alta Densidade de Edificações;"23";Ceará;CE;"2301208";Aracoiaba;"230120805";Aracoiaba;"23012080500";;CABREIRO;"-4.370394";"-38.809441"
"23012080500001101";Caninha;"230120805000011";"5";Povoado;"23";Ceará;CE;"2301208";Aracoiaba;"230120805";Aracoiaba;"23012080500";;SISTEMA INTEGRADO DE ARACOIABA;"-4.38898";"-38.839717"
"23012081500000100";Ideal;"230120815000001";"1";Área Urbana de Alta Densidade de Edificações;"23";Ceará;CE;"2301208";Aracoiaba;"230120815";Ideal;"23012081500";;SI OCARA;"-4.428612";"-38.672445"
"23012081700000100";Jenipapeiro;"230120817000001";"1";Área Urbana de Alta Densidade de Edificações;"23";Ceará;CE;"2301208";Aracoiaba;"230120817";Jenipapeiro;"23012081700";;SISTEMA INTEGRADO DE ARACOIABA;"-4.32479";"-38.81919"
"23012081900000301";Agrovila de São João;"230120819000003";"5";Povoado;"23";Ceará;CE;"2301208";Aracoiaba;"230120819";Lagoa de São João;"23012081900";;SISTEMA INTEGRADO DE ARACOIABA;"-4.406609";"-38.728674"
"23012081900000100";Lagoa de São João;"230120819000001";"1";Área Urbana de Alta Densidade de Edificações;"23";Ceará;CE;"2301208";Aracoiaba;"230120819";Lagoa de São João;"23012081900";;SISTEMA INTEGRADO DE ARACOIABA;"-4.399293";"-38.752785"
"23012082500000100";Vazantes;"230120825000001";"1";Área Urbana de Alta Densidade de Edificações;"23";Ceará;CE;"2301208";Aracoiaba;"230120825";Vazantes;"23012082500";;SISTEMA INTEGRADO DE ARACOIABA;"-4.406004";"-38.685336"
"23012570500000100";Ararendá;"230125705000001";"1";Área Urbana de Alta Densidade de Edificações;"23";Ceará;CE;"2301257";Ararendá;"230125705";Ararendá;"23012570500";;ARARENDÁ;"-4.751938";"-40.831097"
"23013071000000100";Alagoinha;"230130710000001";"1";Área Urbana de Alta Densidade de Edificações;"23";Ceará;CE;"2301307";Araripe;"230130710";Alagoinha;"23013071000";;SI ALAGOINHA;"-7.084492";"-40.173136"
"23013070500002000";Araripe;"230130705000020";"2";Área Urbana de Baixa Densidade de Edificações;"23";Ceará;CE;"2301307";Araripe;"230130705";Araripe;"23013070500";;SI ALAGOINHA;"-7.206184";"-40.137446"
"23013072000000100";Pajeú;"230130720000001";"1";Área Urbana de Alta Densidade de Edificações;"23";Ceará;CE;"2301307";Araripe;"230130720";Pajeú;"23013072000";;SI ALAGOINHA;"-7.204183";"-40.200105"
"23014060500002000";Aratuba;"230140605000020";"2";Área Urbana de Baixa Densidade de Edificações;"23";Ceará;CE;"2301406";Aratuba;"230140605";Aratuba;"23014060500";;SAA ARATUBA;"-4.416931";"-39.047555"
"23015050500001600";Arneiroz;"230150505000016";"2";Área Urbana de Baixa Densidade de Edificações;"23";Ceará;CE;"2301505";Arneiroz;"230150505";Arneiroz;"23015050500";;ARNEIROZ;"-6.319426";"-40.161444"
"23016040500000100";Assaré;"230160405000001";"1";Área Urbana de Alta Densidade de Edificações;"23";Ceará;CE;"2301604";Assaré;"230160405";Assaré;"23016040500";;ASSARÉ;"-6.872607";"-39.871275"
"23017030500000100";Aurora;"230170305000001";"1";Área Urbana de Alta Densidade de Edificações;"23";Ceará;CE;"2301703";Aurora;"230170305";Aurora;"23017030500";;AURORA;"-6.940392";"-38.976991"
"23017031000000100";Ingazeiras;"230170310000001";"1";Área Urbana de Alta Densidade de Edificações;"23";Ceará;CE;"2301703";Aurora;"230170310";Ingazeiras;"23017031000";;INGAZEIRA(AÇUDE TRAIRAS);"-7.100551";"-39.012991"
"23018020500001200";Baixio;"230180205000012";"2";Área Urbana de Baixa Densidade de Edificações;"23";Ceará;CE;"2301802";Baixio;"230180205";Baixio;"23018020500";;BAIXIO ( POÇOS) ;"-6.727162";"-38.720126"
"23019010500000100";Barbalha;"230190105000001";"1";Área Urbana de Alta Densidade de Edificações;"23";Ceará;CE;"2301901";Barbalha;"230190105";Barbalha;"23019010500";;BARBALHA (POÇOS);"-7.307172";"-39.302316"
"23019500500002800";Barreira;"230195005000028";"1";Área Urbana de Alta Densidade de Edificações;"23";Ceará;CE;"2301950";Barreira;"230195005";Barreira;"23019500500";;SISTEMA INTEGRADO DE REDENÇÃO;"-4.288762";"-38.638502"
"23019501000001500";Córrego;"230195010000015";"1";Área Urbana de Alta Densidade de Edificações;"23";Ceará;CE;"2301950";Barreira;"230195010";Córrego;"23019501000";;SISTEMA INTEGRADO DE REDENÇÃO;"-4.297804";"-38.571638"
"23019502500000100";Lagoa Grande;"230195025000001";"1";Área Urbana de Alta Densidade de Edificações;"23";Ceará;CE;"2301950";Barreira;"230195025";Lagoa Grande;"23019502500";;SISTEMA INTEGRADO DE REDENÇÃO;"-4.323818";"-38.670293"
"23020080500003800";Barro;"230200805000038";"2";Área Urbana de Baixa Densidade de Edificações;"23";Ceará;CE;"2302008";Barro;"230200805";Barro;"23020080500";;BARRO (POÇOS);"-7.168209";"-38.779881"
"23020081500000100";Iara;"230200815000001";"1";Área Urbana de Alta Densidade de Edificações;"23";Ceará;CE;"2302008";Barro;"230200815";Iara;"23020081500";;IARA (AÇUDE);"-7.05628";"-38.782233"
"23020571000000100";Araras;"230205710000001";"1";Área Urbana de Alta Densidade de Edificações;"23";Ceará;CE;"2302057";Barroquinha;"230205710";Araras;"23020571000";;SIAA CHAVAL/BARROQUINHA;"-2.936274";"-41.157285"
"23020570500001800";Barroquinha;"230205705000018";"2";Área Urbana de Baixa Densidade de Edificações;"23";Ceará;CE;"2302057";Barroquinha;"230205705";Barroquinha;"23020570500";;SIAA CHAVAL/BARROQUINHA;"-3.009117";"-41.139482"
"23020571500000100";Bitupitá;"230205715000001";"1";Área Urbana de Alta Densidade de Edificações;"23";Ceará;CE;"2302057";Barroquinha;"230205715";Bitupitá;"23020571500";;SIAA CHAVAL/BARROQUINHA;"-2.894733";"-41.276468"
"23021070500000100";Baturité;"230210705000001";"1";Área Urbana de Alta Densidade de Edificações;"23";Ceará;CE;"2302107";Baturité;"230210705";Baturité;"23021070500";;SISTEMA INTEGRADO DE ARACOIABA;"-4.331205";"-38.880021"
"23022060500004300";Beberibe;"230220605000043";"2";Área Urbana de Baixa Densidade de Edificações;"23";Ceará;CE;"2302206";Beberibe;"230220605";Beberibe;"23022060500";;ETA Beberibe;"-4.174763";"-38.123273"
"23022061500000600";Parajuru;"230220615000006";"2";Área Urbana de Baixa Densidade de Edificações;"23";Ceará;CE;"2302206";Beberibe;"230220615";Parajuru;"23022061500";;PARAJURU;"-4.381792";"-37.86774"
"23022062200000100";Serra do Félix;"230220622000001";"1";Área Urbana de Alta Densidade de Edificações;"23";Ceará;CE;"2302206";Beberibe;"230220622";Serra do Félix;"23022062200";;SERRA DO FÉLIX;"-4.512681";"-38.180257"
"23023050500000100";Bela Cruz;"230230505000001";"1";Área Urbana de Alta Densidade de Edificações;"23";Ceará;CE;"2302305";Bela Cruz;"230230505";Bela Cruz;"23023050500";;SAA ETA BELA CRUZ;"-3.055107";"-40.166843"
"23027010500000100";Campos Sales;"230270105000001";"1";Área Urbana de Alta Densidade de Edificações;"23";Ceará;CE;"2302701";Campos Sales;"230270105";Campos Sales;"23027010500";;CAMPOS SALES;"-7.073384";"-40.379003"
"23029090500000100";Capistrano;"230290905000001";"2";Área Urbana de Baixa Densidade de Edificações;"23";Ceará;CE;"2302909";Capistrano;"230290905";Capistrano;"23029090500";;CAPISTRANO;"-4.459897";"-38.901829"
"23030061000000101";Campos Belos;"230300610000001";"1";Área Urbana de Alta Densidade de Edificações;"23";Ceará;CE;"2303006";Caridade;"230300610";Campos Belos;"23030061000";;SI PARAMOTI;"-4.099602";"-39.055257"
"23030060500000100";Caridade;"230300605000001";"2";Área Urbana de Baixa Densidade de Edificações;"23";Ceará;CE;"2303006";Caridade;"230300605";Caridade;"23030060500";;SI CARIDADE;"-4.22496";"-39.193033"
"23030060500002700";Pedra Branca;"230300605000027";"5";Povoado;"23";Ceará;CE;"2303006";Caridade;"230300605";Caridade;"23030060500";;SI CARIDADE;"-4.21885";"-39.234948"
"23030060500002800";Pereiros;"230300605000028";"5";Povoado;"23";Ceará;CE;"2303006";Caridade;"230300605";Caridade;"23030060500";;SI CARIDADE;"-4.249461";"-39.24819"
"23031050500000100";Cariré;"230310505000001";"1";Área Urbana de Alta Densidade de Edificações;"23";Ceará;CE;"2303105";Cariré;"230310505";Cariré;"23031050500";;SAA ETA CARIRÉ;"-3.951612";"-40.473845"
"23033030500000100";Cariús;"230330305000001";"2";Área Urbana de Baixa Densidade de Edificações;"23";Ceará;CE;"2303303";Cariús;"230330305";Cariús;"23033030500";;CARIÚS;"-6.531128";"-39.497689"
"23034020500000100";Carnaubal;"230340205000001";"1";Área Urbana de Alta Densidade de Edificações;"23";Ceará;CE;"2303402";Carnaubal;"230340205";Carnaubal;"23034020500";;SI COMPLEXO JABURU;"-4.163989";"-40.935632"
"23035011000000100";Caponga;"230350110000001";"1";Área Urbana de Alta Densidade de Edificações;"23";Ceará;CE;"2303501";Cascavel;"230350110";Caponga;"23035011000";;ETA Caponga;"-4.044793";"-38.201858"
"23035010500000100";Cascavel;"230350105000001";"1";Área Urbana de Alta Densidade de Edificações;"23";Ceará;CE;"2303501";Cascavel;"230350105";Cascavel;"23035010500";;ETA Malcozinhado;"-4.131434";"-38.239686"
"23036000500000100";Catarina;"230360005000001";"1";Área Urbana de Alta Densidade de Edificações;"23";Ceará;CE;"2303600";Catarina;"230360005";Catarina;"23036000500";;SI CATARINA;"-6.127556";"-39.879466"
"23036590500000100";Catunda;"230365905000001";"1";Área Urbana de Alta Densidade de Edificações;"23";Ceará;CE;"2303659";Catunda;"230365905";Catunda;"23036590500";;CATUNDA;"-4.651549";"-40.205804"
"23037091000001800";Catuana;"230370910000018";"1";Área Urbana de Alta Densidade de Edificações;"23";Ceará;CE;"2303709";Caucaia;"230370910";Catuana;"23037091000";;;"-3.682825";"-38.915631"
"23037090500000100";Caucaia;"230370905000001";"1";Área Urbana de Alta Densidade de Edificações;"23";Ceará;CE;"2303709";Caucaia;"230370905";Caucaia;"23037090500";;;"-3.736487";"-38.664018"
"23037091700019900";Jurema;"230370917000199";"1";Área Urbana de Alta Densidade de Edificações;"23";Ceará;CE;"2303709";Caucaia;"230370917";Jurema;"23037091700";;;"-3.767498";"-38.623287"
"23037092000001000";Mirambé;"230370920000010";"1";Área Urbana de Alta Densidade de Edificações;"23";Ceará;CE;"2303709";Caucaia;"230370920";Mirambé;"23037092000";;;"-3.819603";"-38.668802"
"23037092500000100";Sítios Novos;"230370925000001";"1";Área Urbana de Alta Densidade de Edificações;"23";Ceará;CE;"2303709";Caucaia;"230370925";Sítios Novos;"23037092500";;;"-3.750338";"-38.954665"
"23038080500000100";Cedro;"230380805000001";"1";Área Urbana de Alta Densidade de Edificações;"23";Ceará;CE;"2303808";Cedro;"230380805";Cedro;"23038080500";;CEDRO (AÇUDE UBALDINHO);"-6.604961";"-39.059743"
"23038081000000100";Várzea da Conceição;"230380810000001";"1";Área Urbana de Alta Densidade de Edificações;"23";Ceará;CE;"2303808";Cedro;"230380810";Várzea da Conceição;"23038081000";;CEDRO (AÇUDE UBALDINHO);"-6.475847";"-39.114168"
"23039070500000100";Chaval;"230390705000001";"1";Área Urbana de Alta Densidade de Edificações;"23";Ceará;CE;"2303907";Chaval;"230390705";Chaval;"23039070500";;SIAA CHAVAL/BARROQUINHA;"-3.038901";"-41.244596"
"23039071000000100";Passagem;"230390710000001";"1";Área Urbana de Alta Densidade de Edificações;"23";Ceará;CE;"2303907";Chaval;"230390710";Passagem;"23039071000";;SIAA CHAVAL/BARROQUINHA;"-3.129729";"-41.173579"
"23039310500000800";Choró;"230393105000008";"1";Área Urbana de Alta Densidade de Edificações;"23";Ceará;CE;"2303931";Choró;"230393105";Choró;"23039310500";;CHORÓ;"-4.842516";"-39.137468"
"23039564000000100";Triângulo;"230395640000001";"1";Área Urbana de Alta Densidade de Edificações;"23";Ceará;CE;"2303956";Chorozinho;"230395640";Triângulo;"23039564000";;ETA Triângulo;"-4.327526";"-38.480502"
"23040040500000100";Coreaú;"230400405000001";"1";Área Urbana de Alta Densidade de Edificações;"23";Ceará;CE;"2304004";Coreaú;"230400405";Coreaú;"23040040500";; SIAA ETA VÁRZEA DA VOLTA;"-3.549488";"-40.656951"
"23040042000000100";Ubaúna;"230400420000001";"1";Área Urbana de Alta Densidade de Edificações;"23";Ceará;CE;"2304004";Coreaú;"230400420";Ubaúna;"23040042000";;SAA ETA UBAÚNA;"-3.741525";"-40.689662"
"23041030500000100";Crateús;"230410305000001";"1";Área Urbana de Alta Densidade de Edificações;"23";Ceará;CE;"2304103";Crateús;"230410305";Crateús;"23041030500";;CRATEÚS;"-5.176951";"-40.6684"
"23042360500001700";Croatá;"230423605000017";"2";Área Urbana de Baixa Densidade de Edificações;"23";Ceará;CE;"2304236";Croatá;"230423605";Croatá;"23042360500";;SAA CROATÁ;"-4.414057";"-40.909045"
"23042510500006000";Cruz;"230425105000060";"1";Área Urbana de Alta Densidade de Edificações;"23";Ceará;CE;"2304251";Cruz;"230425105";Cruz;"23042510500";;SAA ETA CRUZ;"-2.916708";"-40.171279"
"23042850500000100";Eusébio;"230428505000001";"1";Área Urbana de Alta Densidade de Edificações;"23";Ceará;CE;"2304285";Eusébio;"230428505";Eusébio;"23042850500";;;"-3.886973";"-38.445122"
"23043011000000100";Cariutaba;"230430110000001";"1";Área Urbana de Alta Densidade de Edificações;"23";Ceará;CE;"2304301";Farias Brito;"230430110";Cariutaba;"23043011000";;CARIUTABA (POÇOS);"-6.819309";"-39.52275"
"23043010500000100";Farias Brito;"230430105000001";"1";Área Urbana de Alta Densidade de Edificações;"23";Ceará;CE;"2304301";Farias Brito;"230430105";Farias Brito;"23043010500";;FARIAS BRITO ( POÇOS);"-6.92711";"-39.570835"
"23043500500000100";Forquilha;"230435005000001";"1";Área Urbana de Alta Densidade de Edificações;"23";Ceará;CE;"2304350";Forquilha;"230435005";Forquilha;"23043500500";;SAA ETA FORQUILHA;"-3.798958";"-40.258769"
"23044000506075300";Fortaleza;"230440005060753";"1";Área Urbana de Alta Densidade de Edificações;"23";Ceará;CE;"2304400";Fortaleza;"230440005";Fortaleza;"23044000506";Antônio Bezerra;;"-3.723805";"-38.589928"
"23044591000000100";Barra;"230445910000001";"1";Área Urbana de Alta Densidade de Edificações;"23";Ceará;CE;"2304459";Fortim;"230445910";Barra;"23044591000";;FORTIM;"-4.428982";"-37.780852"
"23044591500000100";Campestre;"230445915000001";"1";Área Urbana de Alta Densidade de Edificações;"23";Ceará;CE;"2304459";Fortim;"230445915";Campestre;"23044591500";;FORTIM;"-4.431389";"-37.865649"
"23044590500000100";Fortim;"230445905000001";"1";Área Urbana de Alta Densidade de Edificações;"23";Ceará;CE;"2304459";Fortim;"230445905";Fortim;"23044590500";;FORTIM;"-4.449805";"-37.798975"
"23044592500000100";Maceió;"230445925000001";"2";Área Urbana de Baixa Densidade de Edificações;"23";Ceará;CE;"2304459";Fortim;"230445925";Maceió;"23044592500";;FORTIM;"-4.402892";"-37.787551"
"23044593000000100";Viçosa;"230445930000001";"1";Área Urbana de Alta Densidade de Edificações;"23";Ceará;CE;"2304459";Fortim;"230445930";Viçosa;"23044593000";;FORTIM;"-4.471038";"-37.797654"
"23045090500004300";Frecheirinha;"230450905000043";"1";Área Urbana de Alta Densidade de Edificações;"23";Ceará;CE;"2304509";Frecheirinha;"230450905";Frecheirinha;"23045090500";;SAA ETA FRECHEIRINHA;"-3.760612";"-40.821405"
"23046080500000100";General Sampaio;"230460805000001";"1";Área Urbana de Alta Densidade de Edificações;"23";Ceará;CE;"2304608";General Sampaio;"230460805";General Sampaio;"23046080500";;SAA GENERAL SAMPAIO;"-4.051041";"-39.45353"
"23046570500000100";Graça;"230465705000001";"1";Área Urbana de Alta Densidade de Edificações;"23";Ceará;CE;"2304657";Graça;"230465705";Graça;"23046570500";;SAA GRAÇA;"-4.046939";"-40.755525"
"23046572000001300";Lapa;"230465720000013";"2";Área Urbana de Baixa Densidade de Edificações;"23";Ceará;CE;"2304657";Graça;"230465720";Lapa;"23046572000";;SSA GRAÇA;"-4.084218";"-40.827625"
"23048060500000100";Granjeiro;"230480605000001";"1";Área Urbana de Alta Densidade de Edificações;"23";Ceará;CE;"2304806";Granjeiro;"230480605";Granjeiro;"23048060500";;GRANJEIRO ( POÇOS);"-6.888884";"-39.220309"
"23049050500002700";Groaíras;"230490505000027";"2";Área Urbana de Baixa Densidade de Edificações;"23";Ceará;CE;"2304905";Groaíras;"230490505";Groaíras;"23049050500";;SIAA ETA GROAÍRAS;"-3.911954";"-40.382146"
"23049051500000101";Itamaracá;"230490515000001";"2";Área Urbana de Baixa Densidade de Edificações;"23";Ceará;CE;"2304905";Groaíras;"230490515";Itamaracá;"23049051500";;SIAA ETA GROAÍRAS;"-3.873326";"-40.369502"
"23049541000000700";Água Verde;"230495410000007";"2";Área Urbana de Baixa Densidade de Edificações;"23";Ceará;CE;"2304954";Guaiúba;"230495410";Água Verde;"23049541000";;SAA ÁGUA VERDE;"-4.155901";"-38.677235"
"23049540500000100";Guaiúba;"230495405000001";"1";Área Urbana de Alta Densidade de Edificações;"23";Ceará;CE;"2304954";Guaiúba;"230495405";Guaiúba;"23049540500";;SAA GUAIÚBA;"-4.040244";"-38.634435"
"23050010500000100";Guaraciaba do Norte;"230500105000001";"1";Área Urbana de Alta Densidade de Edificações;"23";Ceará;CE;"2305001";Guaraciaba do Norte;"230500105";Guaraciaba do Norte;"23050010500";;SI COMPLEXO JABURU;"-4.162451";"-40.752633"
"23050013000000100";Sussuanha;"230500130000001";"1";Área Urbana de Alta Densidade de Edificações;"23";Ceará;CE;"2305001";Guaraciaba do Norte;"230500130";Sussuanha;"23050013000";;SI COMPLEXO JABURU;"-4.160198";"-40.809123"
"23051000500000100";Guaramiranga;"230510005000001";"1";Área Urbana de Alta Densidade de Edificações;"23";Ceará;CE;"2305100";Guaramiranga;"230510005";Guaramiranga;"23051000500";;SAA GUARAMIRANGA;"-4.262051";"-38.940633"
"23052090500000100";Hidrolândia;"230520905000001";"1";Área Urbana de Alta Densidade de Edificações;"23";Ceará;CE;"2305209";Hidrolândia;"230520905";Hidrolândia;"23052090500";;SIAA ETA IRAJÁ;"-4.407999";"-40.401817"
"23052331200000100";Dourados;"230523312000001";"1";Área Urbana de Alta Densidade de Edificações;"23";Ceará;CE;"2305233";Horizonte;"230523312";Dourados;"23052331200";;ETA Horizonte;"-4.104244";"-38.446549"
"23052330500000100";Horizonte;"230523305000001";"1";Área Urbana de Alta Densidade de Edificações;"23";Ceará;CE;"2305233";Horizonte;"230523305";Horizonte;"23052330500";;ETA Horizonte;"-4.093278";"-38.49424"
"23052333000000100";Queimados;"230523330000001";"2";Área Urbana de Baixa Densidade de Edificações;"23";Ceará;CE;"2305233";Horizonte;"230523330";Queimados;"23052333000";;ETA Horizonte;"-4.13202";"-38.509941"
"23052660500000100";Ibaretama;"230526605000001";"1";Área Urbana de Alta Densidade de Edificações;"23";Ceará;CE;"2305266";Ibaretama;"230526605";Ibaretama;"23052660500";;IBARETAMA;"-4.818652";"-38.821678"
"23053080800000100";Betânia;"230530808000001";"1";Área Urbana de Alta Densidade de Edificações;"23";Ceará;CE;"2305308";Ibiapina;"230530808";Betânia;"23053080800";;SI COMPLEXO JABURU;"-3.921787";"-40.946576"
"23053080500000100";Ibiapina;"230530805000001";"1";Área Urbana de Alta Densidade de Edificações;"23";Ceará;CE;"2305308";Ibiapina;"230530805";Ibiapina;"23053080500";;SI COMPLEXO JABURU;"-3.936131";"-40.893929"
"23053321000000100";Açude dos Pinheiros;"230533210000001";"1";Área Urbana de Alta Densidade de Edificações;"23";Ceará;CE;"2305332";Ibicuitinga;"230533210";Açude dos Pinheiros;"23053321000";;SI IBICUITINGA;"-4.942216";"-38.621727"
"23053321500000202";Canindezinho;"230533215000002";"8";Área Rural (exclusive aglomerados);"23";Ceará;CE;"2305332";Ibicuitinga;"230533215";Canindezinho;"23053321500";;SI IBICUITINGA;"-4.963193";"-38.529794"
"23053320500000900";Ibicuitinga;"230533205000009";"2";Área Urbana de Baixa Densidade de Edificações;"23";Ceará;CE;"2305332";Ibicuitinga;"230533205";Ibicuitinga;"23053320500";;SI IBICUITINGA;"-4.969166";"-38.640863"
"23053323000000100";Viçosa;"230533230000001";"1";Área Urbana de Alta Densidade de Edificações;"23";Ceará;CE;"2305332";Ibicuitinga;"230533230";Viçosa;"23053323000";;SI IBICUITINGA;"-4.975438";"-38.571395"
"23056050500000100";Independência;"230560505000001";"1";Área Urbana de Alta Densidade de Edificações;"23";Ceará;CE;"2305605";Independência;"230560505";Independência;"23056050500";;INDEPENDÊNCIA;"-5.398028";"-40.309348"
"23057041000000100";Felizardo;"230570410000001";"2";Área Urbana de Baixa Densidade de Edificações;"23";Ceará;CE;"2305704";Ipaumirim;"230570410";Felizardo;"23057041000";;FELIZARDO (POÇO);"-6.847381";"-38.73776"
"23057040500001600";Ipaumirim;"230570405000016";"2";Área Urbana de Baixa Densidade de Edificações;"23";Ceará;CE;"2305704";Ipaumirim;"230570405";Ipaumirim;"23057040500";;IPAUMIRIM ( POÇOS) ;"-6.788361";"-38.715904"
"23060091500000100";Ema;"230600915000001";"1";Área Urbana de Alta Densidade de Edificações;"23";Ceará;CE;"2306009";Iracema;"230600915";Ema;"23060091500";;EMA;"-5.77526";"-38.342999"
"23060090500000100";Iracema;"230600905000001";"1";Área Urbana de Alta Densidade de Edificações;"23";Ceará;CE;"2306009";Iracema;"230600905";Iracema;"23060090500";;IRACEMA;"-5.809843";"-38.304662"
"23061080500000100";Irauçuba;"230610805000001";"1";Área Urbana de Alta Densidade de Edificações;"23";Ceará;CE;"2306108";Irauçuba;"230610805";Irauçuba;"23061080500";;SAA IRAUÇUBA;"-3.745419";"-39.792238"
"23062070500003200";Itaiçaba;"230620705000032";"1";Área Urbana de Alta Densidade de Edificações;"23";Ceará;CE;"2306207";Itaiçaba;"230620705";Itaiçaba;"23062070500";;ITAIÇABA;"-4.683405";"-37.82163"
"23062560500000100";Itaitinga;"230625605000001";"1";Área Urbana de Alta Densidade de Edificações;"23";Ceará;CE;"2306256";Itaitinga;"230625605";Itaitinga;"23062560500";;;"-3.970459";"-38.526405"
"23064054700001400";Deserto;"230640547000014";"1";Área Urbana de Alta Densidade de Edificações;"23";Ceará;CE;"2306405";Itapipoca;"230640547";Deserto;"23064054700";;SAA DESERTO;"-3.510689";"-39.493543"
"23064050500000100";Itapipoca;"230640505000001";"1";Área Urbana de Alta Densidade de Edificações;"23";Ceará;CE;"2306405";Itapipoca;"230640505";Itapipoca;"23064050500";;SAA ITAPIPOCA;"-3.499436";"-39.583482"
"23065041000000100";Caio Prado;"230650410000001";"1";Área Urbana de Alta Densidade de Edificações;"23";Ceará;CE;"2306504";Itapiúna;"230650410";Caio Prado;"23065041000";;SI ITAPIÚNA;"-4.655149";"-38.945273"
"23065041500000100";Itans;"230650415000001";"1";Área Urbana de Alta Densidade de Edificações;"23";Ceará;CE;"2306504";Itapiúna;"230650415";Itans;"23065041500";;SI ITAPIÚNA;"-4.609085";"-38.876769"
"23065040500001600";Itapiúna;"230650405000016";"2";Área Urbana de Baixa Densidade de Edificações;"23";Ceará;CE;"2306504";Itapiúna;"230650405";Itapiúna;"23065040500";;SI ITAPIÚNA;"-4.55474";"-38.920674"
"23065042000000100";Palmatória;"230650420000001";"1";Área Urbana de Alta Densidade de Edificações;"23";Ceará;CE;"2306504";Itapiúna;"230650420";Palmatória;"23065042000";;SI ITAPIÚNA;"-4.522458";"-39.004908"
"23065530500000100";Itarema;"230655305000001";"1";Área Urbana de Alta Densidade de Edificações;"23";Ceará;CE;"2306553";Itarema;"230655305";Itarema;"23065530500";;SAA ITAREMA;"-2.923348";"-39.915678"
"23066030500000600";Itatira;"230660305000006";"2";Área Urbana de Baixa Densidade de Edificações;"23";Ceará;CE;"2306603";Itatira;"230660305";Itatira;"23066030500";;ITATIRA;"-4.528923";"-39.617904"
"23067020500000100";Jaguaretama;"230670205000001";"1";Área Urbana de Alta Densidade de Edificações;"23";Ceará;CE;"2306702";Jaguaretama;"230670205";Jaguaretama;"23067020500";;JAGUARETAMA;"-5.61089";"-38.762526"
"23068010500000100";Jaguaribara;"230680105000001";"1";Área Urbana de Alta Densidade de Edificações;"23";Ceará;CE;"2306801";Jaguaribara;"230680105";Jaguaribara;"23068010500";;JAGUARIBARA;"-5.457502";"-38.463097"
"23070070500000100";Jaguaruana;"230700705000001";"1";Área Urbana de Alta Densidade de Edificações;"23";Ceará;CE;"2307007";Jaguaruana;"230700705";Jaguaruana;"23070070500";;JAGUARUANA;"-4.839555";"-37.782391"
"23070072500000100";Saquinho;"230700725000001";"1";Área Urbana de Alta Densidade de Edificações;"23";Ceará;CE;"2307007";Jaguaruana;"230700725";Saquinho;"23070072500";;BAIXIO;"-4.821987";"-37.757359"
"23072050500001300";Jati;"230720505000013";"1";Área Urbana de Alta Densidade de Edificações;"23";Ceará;CE;"2307205";Jati;"230720505";Jati;"23072050500";;JATI ( POÇOS);"-7.692742";"-39.005139"
"23072540500000100";Jijoca de Jericoacoara;"230725405000001";"1";Área Urbana de Alta Densidade de Edificações;"23";Ceará;CE;"2307254";Jijoca de Jericoacoara;"230725405";Jijoca de Jericoacoara;"23072540500";;SAA ETA JIJOCA;"-2.899683";"-40.438735"
"23073040500000100";Juazeiro do Norte;"230730405000001";"1";Área Urbana de Alta Densidade de Edificações;"23";Ceará;CE;"2307304";Juazeiro do Norte;"230730405";Juazeiro do Norte;"23073040500";;JUAZEIRO DO NORTE ( POÇOS);"-7.210766";"-39.316993"
"23075021000000100";Amaniutuba;"230750210000001";"1";Área Urbana de Alta Densidade de Edificações;"23";Ceará;CE;"2307502";Lavras da Mangabeira;"230750210";Amaniutuba;"23075021000";;AMANIUTUBA (RIO SALGADO);"-6.676289";"-38.886947"
"23075020500000100";Lavras da Mangabeira;"230750205000001";"1";Área Urbana de Alta Densidade de Edificações;"23";Ceará;CE;"2307502";Lavras da Mangabeira;"230750205";Lavras da Mangabeira;"23075020500";;QUITAIUS ( AÇUDE ROSÁRIO);"-6.754748";"-38.967275"
"23075023000000100";Quitaiús;"230750230000001";"1";Área Urbana de Alta Densidade de Edificações;"23";Ceará;CE;"2307502";Lavras da Mangabeira;"230750230";Quitaiús;"23075023000";;QUITAIUS ( AÇUDE ROSÁRIO);"-6.87717";"-39.09237"
"23076500500000100";Maracanaú;"230765005000001";"1";Área Urbana de Alta Densidade de Edificações;"23";Ceará;CE;"2307650";Maracanaú;"230765005";Maracanaú;"23076500500";;;"-3.876964";"-38.624419"
"23077001000000100";Amanari;"230770010000001";"1";Área Urbana de Alta Densidade de Edificações;"23";Ceará;CE;"2307700";Maranguape;"230770010";Amanari;"23077001000";;SAA AMANARI;"-4.0216";"-38.866321"
"23077002000000800";Itapebussu;"230770020000008";"2";Área Urbana de Baixa Densidade de Edificações;"23";Ceará;CE;"2307700";Maranguape;"230770020";Itapebussu;"23077002000";;SAA ITAPEBUSSU;"-4.022911";"-38.928656"
"23077002600000100";Ladeira Grande;"230770026000001";"1";Área Urbana de Alta Densidade de Edificações;"23";Ceará;CE;"2307700";Maranguape;"230770026";Ladeira Grande;"23077002600";;SAA SAPUPARA;"-3.974975";"-38.708083"
"23077002600000300";Vila Nova;"230770026000003";"5";Povoado;"23";Ceará;CE;"2307700";Maranguape;"230770026";Ladeira Grande;"23077002600";;SAA SAPUPARA;"-3.985571";"-38.714025"
"23077002700000301";Boa Vista dos Vieiras;"230770027000003";"5";Povoado;"23";Ceará;CE;"2307700";Maranguape;"230770027";Lages;"23077002700";;SAA SAPUPARA;"-4.025167";"-38.720442"
"23077002700000600";Lages;"230770027000006";"1";Área Urbana de Alta Densidade de Edificações;"23";Ceará;CE;"2307700";Maranguape;"230770027";Lages;"23077002700";;SAA SAPUPARA;"-4.01665";"-38.711638"
"23077002900000100";Lagoa do Juvenal;"230770029000001";"1";Área Urbana de Alta Densidade de Edificações;"23";Ceará;CE;"2307700";Maranguape;"230770029";Lagoa do Juvenal;"23077002900";;SAA SAPUPARA;"-4.026972";"-38.974661"
"23077003100000101";Manoel Guedes;"230770031000001";"1";Área Urbana de Alta Densidade de Edificações;"23";Ceará;CE;"2307700";Maranguape;"230770031";Manoel Guedes;"23077003100";;SAA ITAPEBUSSU;"-4.072062";"-38.893047"
"23077000500000100";Maranguape;"230770005000001";"1";Área Urbana de Alta Densidade de Edificações;"23";Ceará;CE;"2307700";Maranguape;"230770005";Maranguape;"23077000500";;SAA MARANGUAPE;"-3.891869";"-38.685851"
"23077003700000100";São João do Amanari;"230770037000001";"2";Área Urbana de Baixa Densidade de Edificações;"23";Ceará;CE;"2307700";Maranguape;"230770037";São João do Amanari;"23077003700";;SAA AMANARI;"-4.020666";"-38.88727"
"23077003500001901";Sapupara;"230770035000019";"2";Área Urbana de Baixa Densidade de Edificações;"23";Ceará;CE;"2307700";Maranguape;"230770035";Sapupara;"23077003500";;SAA SAPUPARA;"-3.945638";"-38.69039"
"23077004200000300";Umarizeiras;"230770042000003";"2";Área Urbana de Baixa Densidade de Edificações;"23";Ceará;CE;"2307700";Maranguape;"230770042";Umarizeiras;"23077004200";;SAA SAPUPARA;"-4.005704";"-38.730365"
"23078090500000100";Marco;"230780905000001";"1";Área Urbana de Alta Densidade de Edificações;"23";Ceará;CE;"2307809";Marco;"230780905";Marco;"23078090500";;SAA ETA MARCO;"-3.120707";"-40.151644"
"23079080500000100";Martinópole;"230790805000001";"1";Área Urbana de Alta Densidade de Edificações;"23";Ceará;CE;"2307908";Martinópole;"230790805";Martinópole;"23079080500";;SAA ETA MARTINÓPOLE;"-3.225012";"-40.699355"
"23080051300000100";Ipaguaçu;"230800513000001";"2";Área Urbana de Baixa Densidade de Edificações;"23";Ceará;CE;"2308005";Massapê;"230800513";Ipaguaçu;"23080051300";;SIAA ETA IPAGUAÇU;"-3.505511";"-40.277158"
"23080050500000100";Massapê;"230800505000001";"1";Área Urbana de Alta Densidade de Edificações;"23";Ceará;CE;"2308005";Massapê;"230800505";Massapê;"23080050500";;SIAA ETA IPAGUAÇU;"-3.523871";"-40.342135"
"23080051500000900";Mumbaba;"230800515000009";"2";Área Urbana de Baixa Densidade de Edificações;"23";Ceará;CE;"2308005";Massapê;"230800515";Mumbaba;"23080051500";;SIAA ETA IPAGUAÇU;"-3.572498";"-40.34567"
"23081040500000100";Mauriti;"230810405000001";"1";Área Urbana de Alta Densidade de Edificações;"23";Ceará;CE;"2308104";Mauriti;"230810405";Mauriti;"23081040500";;MAURITI (POÇOS);"-7.387398";"-38.772795"
"23081042700000100";Palestina do Cariri;"230810427000001";"1";Área Urbana de Alta Densidade de Edificações;"23";Ceará;CE;"2308104";Mauriti;"230810427";Palestina do Cariri;"23081042700";;PALESTINA DO CARIRI ( POÇOS);"-7.468797";"-38.773898"
"23082030500001001";Meruoca;"230820305000010";"2";Área Urbana de Baixa Densidade de Edificações;"23";Ceará;CE;"2308203";Meruoca;"230820305";Meruoca;"23082030500";;SAA ETA MERUOCA;"-3.539007";"-40.450881"
"23083020500000100";Milagres;"230830205000001";"1";Área Urbana de Alta Densidade de Edificações;"23";Ceará;CE;"2308302";Milagres;"230830205";Milagres;"23083020500";;MILAGRES ( POÇOS);"-7.310428";"-38.943157"
"23083021000000100";Rosário;"230830210000001";"1";Área Urbana de Alta Densidade de Edificações;"23";Ceará;CE;"2308302";Milagres;"230830210";Rosário;"23083021000";;ROSÁRIO ( POÇOS);"-7.301269";"-38.98251"
"23083771000000100";Brotas;"230837710000001";"1";Área Urbana de Alta Densidade de Edificações;"23";Ceará;CE;"2308377";Miraíma;"230837710";Brotas;"23083771000";;SAA BROTAS;"-3.566646";"-39.764682"
"23083770500000100";Miraíma;"230837705000001";"1";Área Urbana de Alta Densidade de Edificações;"23";Ceará;CE;"2308377";Miraíma;"230837705";Miraíma;"23083770500";;SAA MIRAÍMA;"-3.5686";"-39.970065"
"23084010500000100";Missão Velha;"230840105000001";"1";Área Urbana de Alta Densidade de Edificações;"23";Ceará;CE;"2308401";Missão Velha;"230840105";Missão Velha;"23084010500";;MISSÃO VELHA ( POÇOS);"-7.243232";"-39.145198"
"23085000500000100";Mombaça;"230850005000001";"1";Área Urbana de Alta Densidade de Edificações;"23";Ceará;CE;"2308500";Mombaça;"230850005";Mombaça;"23085000500";;MOMBAÇA;"-5.747005";"-39.624405"
"23086090500007200";Monsenhor Tabosa;"230860905000072";"1";Área Urbana de Alta Densidade de Edificações;"23";Ceará;CE;"2308609";Monsenhor Tabosa;"230860905";Monsenhor Tabosa;"23086090500";;MONSENHOR TABOSA;"-4.783091";"-40.070067"
"23088070500000100";Moraújo;"230880705000001";"1";Área Urbana de Alta Densidade de Edificações;"23";Ceará;CE;"2308807";Moraújo;"230880705";Moraújo;"23088070500";;SAA ETA MORAÚJO;"-3.466363";"-40.683599"
"23088071000000100";Várzea da Volta;"230880710000001";"1";Área Urbana de Alta Densidade de Edificações;"23";Ceará;CE;"2308807";Moraújo;"230880710";Várzea da Volta;"23088071000";;SIAA ETA VÁRZEA DA VOLTA;"-3.500489";"-40.609649"
"23089060500000100";Morrinhos;"230890605000001";"1";Área Urbana de Alta Densidade de Edificações;"23";Ceará;CE;"2308906";Morrinhos;"230890605";Morrinhos;"23089060500";;SAA ETA MORRINHOS;"-3.228831";"-40.124179"
"23089064000000100";Sítio Alegre;"230890640000001";"1";Área Urbana de Alta Densidade de Edificações;"23";Ceará;CE;"2308906";Morrinhos;"230890640";Sítio Alegre;"23089064000";;SAA ETA SÍTIO ALEGRE;"-3.315361";"-40.008137"
"23090030500000100";Mucambo;"230900305000001";"1";Área Urbana de Alta Densidade de Edificações;"23";Ceará;CE;"2309003";Mucambo;"230900305";Mucambo;"23090030500";;SAA MUCAMBO;"-3.90603";"-40.74528"
"23091020500000101";Mulungu;"230910205000001";"1";Área Urbana de Alta Densidade de Edificações;"23";Ceará;CE;"2309102";Mulungu;"230910205";Mulungu;"23091020500";;SAA MULUNGU;"-4.299528";"-38.993066"
"23092013000000100";Triunfo;"230920130000001";"1";Área Urbana de Alta Densidade de Edificações;"23";Ceará;CE;"2309201";Nova Olinda;"230920130";Triunfo;"23092013000";;TRIUNFO (POÇO);"-7.094973";"-39.732173"
"23094090500000100";Novo Oriente;"230940905000001";"1";Área Urbana de Alta Densidade de Edificações;"23";Ceará;CE;"2309409";Novo Oriente;"230940905";Novo Oriente;"23094090500";;NOVO ORIENTE;"-5.533865";"-40.774767"
"23094580500000100";Ocara;"230945805000001";"1";Área Urbana de Alta Densidade de Edificações;"23";Ceará;CE;"2309458";Ocara;"230945805";Ocara;"23094580500";;SI OCARA;"-4.485067";"-38.598538"
"23094583000000100";Sereno de Cima;"230945830000001";"1";Área Urbana de Alta Densidade de Edificações;"23";Ceará;CE;"2309458";Ocara;"230945830";Sereno de Cima;"23094583000";;SI OCARA;"-4.51744";"-38.614341"
"23095081000000100";Guassussê;"230950810000001";"1";Área Urbana de Alta Densidade de Edificações;"23";Ceará;CE;"2309508";Orós;"230950810";Guassussê;"23095081000";;GUASSUSSÊ;"-6.34192";"-38.981729"
"23095080500000100";Orós;"230950805000001";"1";Área Urbana de Alta Densidade de Edificações;"23";Ceará;CE;"2309508";Orós;"230950805";Orós;"23095080500";;ORÓS;"-6.242799";"-38.913596"
"23095082000000100";Palestina;"230950820000001";"2";Área Urbana de Baixa Densidade de Edificações;"23";Ceará;CE;"2309508";Orós;"230950820";Palestina;"23095082000";;PALESTINA;"-6.327575";"-39.033248"
"23096070500000100";Pacajus;"230960705000001";"1";Área Urbana de Alta Densidade de Edificações;"23";Ceará;CE;"2309607";Pacajus;"230960705";Pacajus;"23096070500";;ETA Horizonte;"-4.170541";"-38.467022"
"23097060500000100";Pacatuba;"230970605000001";"1";Área Urbana de Alta Densidade de Edificações;"23";Ceará;CE;"2309706";Pacatuba;"230970605";Pacatuba;"23097060500";;SAA PACATUBA;"-3.98612";"-38.618299"
"23097063500004200";Pavuna;"230970635000042";"1";Área Urbana de Alta Densidade de Edificações;"23";Ceará;CE;"2309706";Pacatuba;"230970635";Pavuna;"23097063500";;SI FORTALEZA;"-3.919028";"-38.60255"
"23098050500001000";Pacoti;"230980505000010";"2";Área Urbana de Baixa Densidade de Edificações;"23";Ceará;CE;"2309805";Pacoti;"230980505";Pacoti;"23098050500";;SAA PACOTI;"-4.224765";"-38.925889"
"23099040500000100";Pacujá;"230990405000001";"1";Área Urbana de Alta Densidade de Edificações;"23";Ceará;CE;"2309904";Pacujá;"230990405";Pacujá;"23099040500";;SAA PACUJÁ;"-3.978394";"-40.696736"
"23100010500000100";Palhano;"231000105000001";"1";Área Urbana de Alta Densidade de Edificações;"23";Ceará;CE;"2310001";Palhano;"231000105";Palhano;"23100010500";;PALHANO;"-4.743945";"-37.966235"
"23101000500000100";Palmácia;"231010005000001";"1";Área Urbana de Alta Densidade de Edificações;"23";Ceará;CE;"2310100";Palmácia;"231010005";Palmácia;"23101000500";;SAA PALMACIA;"-4.148982";"-38.845029"
"23102090500000100";Paracuru;"231020905000001";"1";Área Urbana de Alta Densidade de Edificações;"23";Ceará;CE;"2310209";Paracuru;"231020905";Paracuru;"23102090500";;SAA PARACURU;"-3.411635";"-39.029545"
"23102092000000100";Poço Doce;"231020920000001";"2";Área Urbana de Baixa Densidade de Edificações;"23";Ceará;CE;"2310209";Paracuru;"231020920";Poço Doce;"23102092000";;SAA POÇO DOCE;"-3.438558";"-39.11832"
"23102582000000100";Lagoinha;"231025820000001";"1";Área Urbana de Alta Densidade de Edificações;"23";Ceará;CE;"2310258";Paraipaba;"231025820";Lagoinha;"23102582000";;SAA LAGOINHA;"-3.347096";"-39.137858"
"23102580500000100";Paraipaba;"231025805000001";"1";Área Urbana de Alta Densidade de Edificações;"23";Ceará;CE;"2310258";Paraipaba;"231025805";Paraipaba;"23102580500";;SAA PARAIPABA;"-3.436197";"-39.148116"
"23103080500000100";Parambu;"231030805000001";"1";Área Urbana de Alta Densidade de Edificações;"23";Ceará;CE;"2310308";Parambu;"231030805";Parambu;"23103080500";;SI PARAMBU;"-6.210336";"-40.694207"
"23104070500000100";Paramoti;"231040705000001";"1";Área Urbana de Alta Densidade de Edificações;"23";Ceará;CE;"2310407";Paramoti;"231040705";Paramoti;"23104070500";;;"-4.097432";"-39.239466"
"23106050500000100";Penaforte;"231060505000001";"1";Área Urbana de Alta Densidade de Edificações;"23";Ceará;CE;"2310605";Penaforte;"231060505";Penaforte;"23106050500";;PENAFORTE (POÇOS);"-7.829915";"-39.074128"
"23107040500000100";Pentecoste;"231070405000001";"1";Área Urbana de Alta Densidade de Edificações;"23";Ceará;CE;"2310704";Pentecoste;"231070405";Pentecoste;"23107040500";;SAA PENTECOSTE;"-3.796267";"-39.267009"
"23107042000000100";Sebastião de Abreu;"231070420000001";"1";Área Urbana de Alta Densidade de Edificações;"23";Ceará;CE;"2310704";Pentecoste;"231070420";Sebastião de Abreu;"23107042000";;SAA SEBASTIÃO DE ABREU;"-3.858286";"-39.339062"
"23108031000000700";Crioulos;"231080310000007";"2";Área Urbana de Baixa Densidade de Edificações;"23";Ceará;CE;"2310803";Pereiro;"231080310";Crioulos;"23108031000";;CRIOULOS;"-6.20079";"-38.536172"
"23109020500000100";Piquet Carneiro;"231090205000001";"1";Área Urbana de Alta Densidade de Edificações;"23";Ceará;CE;"2310902";Piquet Carneiro;"231090205";Piquet Carneiro;"23109020500";;PIQUET CARNEIRO;"-5.80857";"-39.419406"
"23109512000000100";Otavilândia;"231095120000001";"1";Área Urbana de Alta Densidade de Edificações;"23";Ceará;CE;"2310951";Pires Ferreira;"231095120";Otavilândia;"23109512000";;SIAA MARRUÁS/P.FERR/STO.IZIDRO/OTAV;"-4.256974";"-40.542509"
"23109510500000100";Pires Ferreira;"231095105000001";"1";Área Urbana de Alta Densidade de Edificações;"23";Ceará;CE;"2310951";Pires Ferreira;"231095105";Pires Ferreira;"23109510500";;SIAA MARRUÁS/P.FERR/STO.IZIDRO/OTAV;"-4.242154";"-40.646541"
"23109511000000500";Marruás dos Rosas;"231095110000005";"5";Povoado;"23";Ceará;CE;"2310951";Pires Ferreira;"231095110";Santo Izidro;"23109511000";;SIAA MARRUÁS/P.FERR/STO.IZIDRO/OTAV;"-4.304675";"-40.544851"
"23109511000000100";Santo Izidro;"231095110000001";"1";Área Urbana de Alta Densidade de Edificações;"23";Ceará;CE;"2310951";Pires Ferreira;"231095110";Santo Izidro;"23109511000";;SIAA MARRUÁS/P.FERR/STO.IZIDRO/OTAV;"-4.270545";"-40.564553"
"23110090500000100";Poranga;"231100905000001";"1";Área Urbana de Alta Densidade de Edificações;"23";Ceará;CE;"2311009";Poranga;"231100905";Poranga;"23110090500";;PORANGA;"-4.743951";"-40.92638"
"23111080500000100";Porteiras;"231110805000001";"1";Área Urbana de Alta Densidade de Edificações;"23";Ceará;CE;"2311108";Porteiras;"231110805";Porteiras;"23111080500";;PORTEIRAS (POÇOS);"-7.535746";"-39.115331"
"23112070500003300";Potengi;"231120705000033";"2";Área Urbana de Baixa Densidade de Edificações;"23";Ceará;CE;"2311207";Potengi;"231120705";Potengi;"23112070500";;POTENGI;"-7.090179";"-40.032133"
"23112310500000100";Potiretama;"231123105000001";"1";Área Urbana de Alta Densidade de Edificações;"23";Ceará;CE;"2311231";Potiretama;"231123105";Potiretama;"23112310500";;;"-5.721668";"-38.157918"
"23112640500000100";Quiterianópolis;"231126405000001";"1";Área Urbana de Alta Densidade de Edificações;"23";Ceará;CE;"2311264";Quiterianópolis;"231126405";Quiterianópolis;"23112640500";;QUITERIANÓPOLIS;"-5.847009";"-40.704489"
"23113065000000100";Juatama;"231130650000001";"1";Área Urbana de Alta Densidade de Edificações;"23";Ceará;CE;"2311306";Quixadá;"231130650";Juatama;"23113065000";;JUATAMA;"-5.086229";"-39.042491"
"23113060500000100";Quixadá;"231130605000001";"1";Área Urbana de Alta Densidade de Edificações;"23";Ceará;CE;"2311306";Quixadá;"231130605";Quixadá;"23113060500";;QUIXADA;"-4.9637";"-39.011745"
"23113066500000100";Tapuiará;"231130665000001";"1";Área Urbana de Alta Densidade de Edificações;"23";Ceará;CE;"2311306";Quixadá;"231130665";Tapuiará;"23113066500";;TAPUIARÁ;"-5.075416";"-38.913015"
"23116031500000100";Antônio Diogo;"231160315000001";"1";Área Urbana de Alta Densidade de Edificações;"23";Ceará;CE;"2311603";Redenção;"231160315";Antônio Diogo;"23116031500";;SISTEMA INTEGRADO DE REDENÇÃO;"-4.311212";"-38.744279"
"23116030500000800";Itapaí;"231160305000008";"5";Povoado;"23";Ceará;CE;"2311603";Redenção;"231160305";Redenção;"23116030500";;SISTEMA INTEGRADO DE REDENÇÃO;"-4.27464";"-38.729296"
"23116030500001601";Outeiro de Fora;"231160305000016";"5";Povoado;"23";Ceará;CE;"2311603";Redenção;"231160305";Redenção;"23116030500";;SISTEMA INTEGRADO DE REDENÇÃO;"-4.201417";"-38.736581"
"23116030500000100";Redenção;"231160305000001";"1";Área Urbana de Alta Densidade de Edificações;"23";Ceará;CE;"2311603";Redenção;"231160305";Redenção;"23116030500";;SISTEMA INTEGRADO DE REDENÇÃO;"-4.222958";"-38.729571"
"23117020500000100";Reriutaba;"231170205000001";"1";Área Urbana de Alta Densidade de Edificações;"23";Ceará;CE;"2311702";Reriutaba;"231170205";Reriutaba;"23117020500";;RSAA ERIUTABA;"-4.141568";"-40.584612"
"23118011000000100";Bonhu;"231180110000001";"1";Área Urbana de Alta Densidade de Edificações;"23";Ceará;CE;"2311801";Russas;"231180110";Bonhu;"23118011000";;BONHU;"-4.856206";"-38.162718"
"23118011500000100";Flores;"231180115000001";"1";Área Urbana de Alta Densidade de Edificações;"23";Ceará;CE;"2311801";Russas;"231180115";Flores;"23118011500";;FLORES;"-5.070832";"-38.063316"
"23118011500000600";Jardim de São José;"231180115000006";"5";Povoado;"23";Ceará;CE;"2311801";Russas;"231180115";Flores;"23118011500";;JARDIM DE SÃO JOSÉ;"-5.013134";"-38.048019"
"23118012000000100";São João de Deus;"231180120000001";"2";Área Urbana de Baixa Densidade de Edificações;"23";Ceará;CE;"2311801";Russas;"231180120";São João de Deus;"23118012000";;SÃO JOÃO DE DEUS;"-4.997023";"-38.007805"
"23119000500000100";Saboeiro;"231190005000001";"1";Área Urbana de Alta Densidade de Edificações;"23";Ceará;CE;"2311900";Saboeiro;"231190005";Saboeiro;"23119000500";;SABOEIRO;"-6.536433";"-39.904581"
"23119590500000100";Salitre;"231195905000001";"2";Área Urbana de Baixa Densidade de Edificações;"23";Ceará;CE;"2311959";Salitre;"231195905";Salitre;"23119590500";;SALITRE;"-7.284529";"-40.464752"
"23122051000001100";Lisieux;"231220510000011";"2";Área Urbana de Baixa Densidade de Edificações;"23";Ceará;CE;"2312205";Santa Quitéria;"231220510";Lisieux;"23122051000";;SAA ETA LISIEUX;"-3.999708";"-40.190474"
"23122052500000501";Macaraú;"231220525000005";"2";Área Urbana de Baixa Densidade de Edificações;"23";Ceará;CE;"2312205";Santa Quitéria;"231220525";Macaraú;"23122052500";;SAA ETA MACARAÚ;"-4.104704";"-40.429442"
"23122050500000100";Santa Quitéria;"231220505000001";"1";Área Urbana de Alta Densidade de Edificações;"23";Ceará;CE;"2312205";Santa Quitéria;"231220505";Santa Quitéria;"23122050500";;SAA ETA SANTA QUITÉRIA;"-4.333271";"-40.153508"
"23120070500000100";Santana do Acaraú;"231200705000001";"1";Área Urbana de Alta Densidade de Edificações;"23";Ceará;CE;"2312007";Santana do Acaraú;"231200705";Santana do Acaraú;"23120070500";;SAA ETA SANTANA;"-3.459775";"-40.209463"
"23121062000000100";Brejo Grande;"231210620000001";"1";Área Urbana de Alta Densidade de Edificações;"23";Ceará;CE;"2312106";Santana do Cariri;"231210620";Brejo Grande;"23121062000";;BREJO GRANDE (FONTE);"-7.24987";"-39.761026"
"23121060500000100";Santana do Cariri;"231210605000001";"1";Área Urbana de Alta Densidade de Edificações;"23";Ceará;CE;"2312106";Santana do Cariri;"231210605";Santana do Cariri;"23121060500";;SANTANA DO CARIRI (FONTE);"-7.180898";"-39.73798"
"23123041500000100";Inhuçu;"231230415000001";"1";Área Urbana de Alta Densidade de Edificações;"23";Ceará;CE;"2312304";São Benedito;"231230415";Inhuçu;"23123041500";;SI COMPLEXO JABURU;"-4.111431";"-40.868928"
"23123040500000100";São Benedito;"231230405000001";"1";Área Urbana de Alta Densidade de Edificações;"23";Ceará;CE;"2312304";São Benedito;"231230405";São Benedito;"23123040500";;SI COMPLEXO JABURU;"-4.044727";"-40.86449"
"23124031000000100";Croatá;"231240310000001";"1";Área Urbana de Alta Densidade de Edificações;"23";Ceará;CE;"2312403";São Gonçalo do Amarante;"231240310";Croatá;"23124031000";;SI SÃO LUIS DO CURU;"-3.672062";"-39.115088"
"23124031500003000";Pecém;"231240315000030";"8";Área Rural (exclusive aglomerados);"23";Ceará;CE;"2312403";São Gonçalo do Amarante;"231240315";Pecém;"23124031500";;SAA PECÉM;"-3.539832";"-38.867813"
"23124030500000100";São Gonçalo do Amarante;"231240305000001";"1";Área Urbana de Alta Densidade de Edificações;"23";Ceará;CE;"2312403";São Gonçalo do Amarante;"231240305";São Gonçalo do Amarante;"23124030500";;SI SÃO GONÇALO DO AMARANTE;"-3.605633";"-38.972076"
"23124032500000100";Siupé;"231240325000001";"1";Área Urbana de Alta Densidade de Edificações;"23";Ceará;CE;"2312403";São Gonçalo do Amarante;"231240325";Siupé;"23124032500";;SAA SIUPÉ;"-3.53267";"-38.950785"
"23124033000000100";Umarituba;"231240330000001";"1";Área Urbana de Alta Densidade de Edificações;"23";Ceará;CE;"2312403";São Gonçalo do Amarante;"231240330";Umarituba;"23124033000";;SI SÃO GONÇALO DO AMARANTE;"-3.666405";"-38.98081"
"23126010500000100";São Luís do Curu;"231260105000001";"1";Área Urbana de Alta Densidade de Edificações;"23";Ceará;CE;"2312601";São Luís do Curu;"231260105";São Luís do Curu;"23126010500";;SI SÃO LUIS DO CURU  ;"-3.673009";"-39.241606"
"23127000500000100";Senador Pompeu;"231270005000001";"1";Área Urbana de Alta Densidade de Edificações;"23";Ceará;CE;"2312700";Senador Pompeu;"231270005";Senador Pompeu;"23127000500";;SENADOR POMPEU;"-5.589344";"-39.375325"
"23128090500000101";Senador Sá;"231280905000001";"1";Área Urbana de Alta Densidade de Edificações;"23";Ceará;CE;"2312809";Senador Sá;"231280905";Senador Sá;"23128090500";;SAA ETA LISIEUX;"-3.35179";"-40.463792"
"23129080700000900";Aprazível;"231290807000009";"1";Área Urbana de Alta Densidade de Edificações;"23";Ceará;CE;"2312908";Sobral;"231290807";Aprazível;"23129080700";;SAA ETA MACARAÚ;"-3.754471";"-40.555149"
"23129083500000100";Jaibaras;"231290835000001";"1";Área Urbana de Alta Densidade de Edificações;"23";Ceará;CE;"2312908";Sobral;"231290835";Jaibaras;"23129083500";;SAA ETA SANTANA;"-3.771176";"-40.497459"
"23131040500000100";Tabuleiro do Norte;"231310405000001";"1";Área Urbana de Alta Densidade de Edificações;"23";Ceará;CE;"2313104";Tabuleiro do Norte;"231310405";Tabuleiro do Norte;"23131040500";;TABULEIRO DO NORTE;"-5.243804";"-38.129737"
"23132033500000100";Sucesso;"231320335000001";"1";Área Urbana de Alta Densidade de Edificações;"23";Ceará;CE;"2313203";Tamboril;"231320335";Sucesso;"23132033500";;SUCESSO;"-4.943592";"-40.537969"
"23132030500004500";Tamboril;"231320305000045";"1";Área Urbana de Alta Densidade de Edificações;"23";Ceará;CE;"2313203";Tamboril;"231320305";Tamboril;"23132030500";;TAMBORIL;"-4.833929";"-40.319069"
"23132520500000100";Tarrafas;"231325205000001";"1";Área Urbana de Alta Densidade de Edificações;"23";Ceará;CE;"2313252";Tarrafas;"231325205";Tarrafas;"23132520500";;TARRAFAS;"-6.68259";"-39.758494"
"23133020500000100";Tauá;"231330205000001";"1";Área Urbana de Alta Densidade de Edificações;"23";Ceará;CE;"2313302";Tauá;"231330205";Tauá;"23133020500";;TAUÁ;"-6.002999";"-40.292625"
"23133510500000100";Tejuçuoca;"231335105000001";"1";Área Urbana de Alta Densidade de Edificações;"23";Ceará;CE;"2313351";Tejuçuoca;"231335105";Tejuçuoca;"23133510500";;SAA TEJUÇUOCA;"-3.989712";"-39.576826"
"23134011500000101";Caruataí;"231340115000001";"1";Área Urbana de Alta Densidade de Edificações;"23";Ceará;CE;"2313401";Tianguá;"231340115";Caruataí;"23134011500";;SI COMPLEXO JABURU;"-3.837162";"-40.971174"
"23134012000000100";Pindoguaba;"231340120000001";"1";Área Urbana de Alta Densidade de Edificações;"23";Ceará;CE;"2313401";Tianguá;"231340120";Pindoguaba;"23134012000";;SI COMPLEXO JABURU;"-3.750704";"-41.141201"
"23134010500015600";Tianguá;"231340105000156";"1";Área Urbana de Alta Densidade de Edificações;"23";Ceará;CE;"2313401";Tianguá;"231340105";Tianguá;"23134010500";;SI COMPLEXO JABURU;"-3.722674";"-40.991706"
"23135000800000100";Fleicheiras;"231350008000001";"1";Área Urbana de Alta Densidade de Edificações;"23";Ceará;CE;"2313500";Trairi;"231350008";Fleicheiras;"23135000800";;;"-3.221066";"-39.273854"
"23135001000001600";Mundaú;"231350010000016";"2";Área Urbana de Baixa Densidade de Edificações;"23";Ceará;CE;"2313500";Trairi;"231350010";Mundaú;"23135001000";;SAA MUNDAÚ;"-3.177822";"-39.367101"
"23135000500005100";Trairi;"231350005000051";"2";Área Urbana de Baixa Densidade de Edificações;"23";Ceará;CE;"2313500";Trairi;"231350005";Trairi;"23135000500";;SAA TRAIRI;"-3.26442";"-39.272232"
"23135591000000100";Cemoaba;"231355910000001";"1";Área Urbana de Alta Densidade de Edificações;"23";Ceará;CE;"2313559";Tururu;"231355910";Cemoaba;"23135591000";;SAA CEMOABA;"-3.467987";"-39.421259"
"23135590500000100";Tururu;"231355905000001";"1";Área Urbana de Alta Densidade de Edificações;"23";Ceará;CE;"2313559";Tururu;"231355905";Tururu;"23135590500";;SI URUBURETAMA;"-3.595595";"-39.434364"
"23136091500000100";Jaburuna;"231360915000001";"1";Área Urbana de Alta Densidade de Edificações;"23";Ceará;CE;"2313609";Ubajara;"231360915";Jaburuna;"23136091500";;SI COMPLEXO JABURU;"-3.889827";"-40.971874"
"23136092500000100";Nova Veneza;"231360925000001";"1";Área Urbana de Alta Densidade de Edificações;"23";Ceará;CE;"2313609";Ubajara;"231360925";Nova Veneza;"23136092500";;SI COMPLEXO JABURU;"-3.844212";"-41.005485"
"23136090500004300";Ubajara;"231360905000043";"2";Área Urbana de Baixa Densidade de Edificações;"23";Ceará;CE;"2313609";Ubajara;"231360905";Ubajara;"23136090500";;SI COMPLEXO JABURU;"-3.848491";"-40.907144"
"23137081500000100";Pio X;"231370815000001";"1";Área Urbana de Alta Densidade de Edificações;"23";Ceará;CE;"2313708";Umari;"231370815";Pio X;"23137081500";;BAIXIO (JENIPAPEIRO II);"-6.641099";"-38.786809"
"23137080500000100";Umari;"231370805000001";"1";Área Urbana de Alta Densidade de Edificações;"23";Ceará;CE;"2313708";Umari;"231370805";Umari;"23137080500";;UMARI ( POÇOS);"-6.647244";"-38.701326"
"23137572000000100";Caxitoré;"231375720000001";"1";Área Urbana de Alta Densidade de Edificações;"23";Ceará;CE;"2313757";Umirim;"231375720";Caxitoré;"23137572000";;SI UMIRIM;"-3.734473";"-39.36505"
"23137570500000101";Umirim;"231375705000001";"1";Área Urbana de Alta Densidade de Edificações;"23";Ceará;CE;"2313757";Umirim;"231375705";Umirim;"23137570500";;SI UMIRIM;"-3.675562";"-39.342384"
"23138070500000100";Uruburetama;"231380705000001";"1";Área Urbana de Alta Densidade de Edificações;"23";Ceará;CE;"2313807";Uruburetama;"231380705";Uruburetama;"23138070500";;SI URUBURETAMA;"-3.623017";"-39.508178"
"23139060500000100";Uruoca;"231390605000001";"1";Área Urbana de Alta Densidade de Edificações;"23";Ceará;CE;"2313906";Uruoca;"231390605";Uruoca;"23139060500";;SIAA ETA URUOCA;"-3.313231";"-40.561163"
"23139550500002200";Varjota;"231395505000022";"2";Área Urbana de Baixa Densidade de Edificações;"23";Ceará;CE;"2313955";Varjota;"231395505";Varjota;"23139550500";;SI COMPLEXO JABURU;"-4.182822";"-40.478993"
"23140030500000100";Várzea Alegre;"231400305000001";"1";Área Urbana de Alta Densidade de Edificações;"23";Ceará;CE;"2314003";Várzea Alegre;"231400305";Várzea Alegre;"23140030500";;VÁRZEA ALEGRE (AÇUDE OLHO D’AGUA);"-6.791846";"-39.298933"
"23141022500001400";Quatiguaba;"231410225000014";"2";Área Urbana de Baixa Densidade de Edificações;"23";Ceará;CE;"2314102";Viçosa do Ceará;"231410225";Quatiguaba;"23141022500";;SI COMPLEXO JABURU;"-3.673378";"-41.070517"
"23141020500000100";Viçosa do Ceará;"231410205000001";"1";Área Urbana de Alta Densidade de Edificações;"23";Ceará;CE;"2314102";Viçosa do Ceará;"231410205";Viçosa do Ceará;"23141020500";;SI COMPLEXO JABURU;"-3.566013";"-41.091629"
"23001010500000100";Abaiara;"230010105000001";"1";Área Urbana de Alta Densidade de Edificações;"23";Ceará;CE;"2300101";Abaiara;"230010105";Abaiara;"23001010500";;ABAIARA (POÇO);"-7.356977";"-39.047547"
