"fid","CD_MUNICIPIO","NM_MUNICIPIO","CD_DISTRITO","NM_DISTRITO","CD_LOCALIDADE","NM_LOCALIDADE","TIPO_LOCAL","NM_COMPILADO","SISTEMA_ABASTECIMENTO","UNIDADE_DE_NEGOCIO","LATITUDE","LONGITUDE","COORDENADAS","","","","","","","","",""
"1","2300150","ACARAPE","230015005","ACARAPE","23001500500000100","ACARAPE","Área Urbana de Alta Densidade de Edificações","ACARAPE (Sede Municipal)","SISTEMA INTEGRADO DE REDENÇÃO","BMO","-4.2231384094","-38.705623771","-4.2231384094, -38.705623771","","","","","","","","",""
"2","2300150","ACARAPE","230015005","ACARAPE","23001500500001600","CANTAGALO","Povoado","ACARAPE – ACARAPE – CANTAGALO (Localidade)","SISTEMA INTEGRADO DE REDENÇÃO","BMO","-4.262701901","-38.6847729324","-4.262701901, -38.6847729324","","","","","","","","",""
"3","2300150","ACARAPE","230015005","ACARAPE","23001500500001500","CARRO ATOLADO","Povoado","ACARAPE – ACARAPE – CARRO ATOLADO (Localidade)","SISTEMA INTEGRADO DE REDENÇÃO","BMO","-4.2750443013","-38.6837914494","-4.2750443013, -38.6837914494","","","","","","","","",""
"4","2300150","ACARAPE","230015005","ACARAPE","23001500599999900","PAU BRANCO","Área Rural (exclusive aglomerados)","ACARAPE – ACARAPE– PAU BRANCO (Localidade)","SISTEMA INTEGRADO DE REDENÇÃO","BMO","-4.125514","-38.3958","-4.125514, -38.3958","","","","","","","","",""
"5","2300150","ACARAPE","230015005","ACARAPE","23001500500001000","RIACHÃO DO NORTE","Povoado","ACARAPE – ACARAPE– RIACHÃO DO NORTE  (Localidade)","SISTEMA INTEGRADO DE REDENÇÃO","BMO","-4.1780609975","-38.6929387565","-4.1780609975, -38.6929387565","","","","","","","","",""
"6","2300200","ACARAÚ","230020005","ACARAÚ","23002000500000400","ACARAÚ","Área Urbana de Alta Densidade de Edificações","ACARAÚ (Sede Municipal)","ETA ACARAÚ","BAC","-2.893033","-40.120067","-2.893033, -40.120067","","","","","","","","",""
"7","2300507","ALCÂNTARAS","230050705","ALCÂNTARAS","23005070599999900","ALCÂNTARAS","Área Urbana de Alta Densidade de Edificações","ALCÂNTARAS (Sede Municipal)","ETA ACARAÚ","BAC","-2.893033","-40.120067","-2.893033, -40.120067","","","","","","","","",""
"8","2301208","ARACOIABA","230120805","ARACOIABA","23012080500002200","BAIXIO","Povoado","ARACOIABA – ARACOIABA – BAIXIO (Localidade)","SISTEMA INTEGRADO DE ARACOIABA","BMO","-4.3953717895","-38.7781885907","-4.3953717895, -38.7781885907","","","","","","","","",""
"9","2301208","ARACOIABA","230120805","ARACOIABA","23012080500002300","BATIMBAL","Povoado","ARACOIABA – ARACOIABA –BATIMBAL (Localidade)","SISTEMA INTEGRADO DE ARACOIABA","BMO","-4.3831839693","-38.8311113925","-4.3831839693, -38.8311113925","","","","","","","","",""
"10","2301208","ARACOIABA","230120805","ARACOIABA","23012080500001100","CANINHA","Povoado","ARACOIABA – ARACOIABA –CANINHA (Localidade)","SISTEMA INTEGRADO DE ARACOIABA","BMO","-4.3889797448","-38.8397168585","-4.3889797448, -38.8397168585","","","","","","","","",""
"11","2301208","ARACOIABA","230120805","ARACOIABA","23012080500000800","ENCOSTA","Povoado","ARACOIABA – ARACOIABA – ENCOSTA (Localidade)","SISTEMA INTEGRADO DE ARACOIABA","BMO","-4.3760971499","-38.7805774906","-4.3760971499, -38.7805774906","","","","","","","","",""
"12","2301208","ARACOIABA","230120805","ARACOIABA","23012080500002400","OITICICA","Povoado","ARACOIABA – ARACOIABA – OITICICA (Localidade)","SISTEMA INTEGRADO DE ARACOIABA","BMO","-4.3531875331","-38.7923380368","-4.3531875331, -38.7923380368","","","","","","","","",""
"13","2301208","ARACOIABA","230120817","JENIPAPEIRO","23012081700000100","JENIPAPEIRO","Área Urbana de Alta Densidade de Edificações","ARACOIABA – JENIPAPEIRO (Sede Distrital)","SISTEMA INTEGRADO DE ARACOIABA","BMO","-4.3247902464","-38.8191899702","-4.3247902464, -38.8191899702","","","","","","","","",""
"14","2301208","ARACOIABA","230120819","LAGOA DE SÃO JOÃO","23012081900000300","AGROVILA DE SÃO JOÃO","Povoado","ARACOIABA – LAGOA DE SÃO JOÃO - AGROVILA DE SÃO JOÃO (Localidade)","SISTEMA INTEGRADO DE ARACOIABA","BMO","-4.4066092245","-38.7286742775","-4.4066092245, -38.7286742775","","","","","","","","",""
"15","2301208","ARACOIABA","230120819","LAGOA DE SÃO JOÃO","23012081900000100","LAGOA DE SÃO JOÃO","Área Urbana de Alta Densidade de Edificações","ARACOIABA – LAGOA DE SÃO JOÃO (Sede Distrital)","SISTEMA INTEGRADO DE ARACOIABA","BMO","-4.3992934896","-38.7527850898","-4.3992934896, -38.7527850898","","","","","","","","",""
"16","2301208","ARACOIABA","230120825","VAZANTES","23012082500000100","VAZANTES","Área Urbana de Alta Densidade de Edificações","ARACOIABA – VAZANTES (Sede Distrital)","SISTEMA INTEGRADO DE ARACOIABA","BMO","-4.406003869","-38.6853357402","-4.406003869, -38.6853357402","","","","","","","","",""
"17","2301406","ARATUBA","230140605","ARATUBA","23014060500002000","ARATUBA","Área Urbana de Baixa Densidade de Edificações","ARATUBA (Sede Municipal)","SAA ARATUBA","BMO","-4.416930645","-39.0475545618","-4.416930645, -39.0475545618","","","","","","","","",""
"18","2301950","BARREIRA","230195005","BARREIRA","23019500500002800","BARREIRA","Área Urbana de Alta Densidade de Edificações","BARREIRA  (Sede Municipal)","SISTEMA INTEGRADO DE REDENÇÃO","BMO","-4.2887622668","-38.6385018296","-4.2887622668, -38.6385018296","","","","","","","","",""
"19","2301950","BARREIRA","230195005","BARREIRA","23019500500001100","CAJUEIRO","Povoado","BARREIRA – BARREIRA – CAJUEIRO (Localidade)","SISTEMA INTEGRADO DE REDENÇÃO","BMO","-4.2633487089","-38.626198308","-4.2633487089, -38.626198308","","","","","","","","",""
"20","2301950","BARREIRA","230195010","CÓRREGO","23019501000001500","CÓRREGO","Área Urbana de Alta Densidade de Edificações","BARREIRA – CÓRREGO  (Sede Distrital)","SISTEMA INTEGRADO DE REDENÇÃO","BMO","-4.2978035671","-38.5716381996","-4.2978035671, -38.5716381996","","","","","","","","",""
"21","2301950","BARREIRA","230195025","LAGOA GRANDE","23019502500000100","LAGOA GRANDE","Área Urbana de Alta Densidade de Edificações","BARREIRA – LAGOA GRANDE (Sede Distrital)","SISTEMA INTEGRADO DE REDENÇÃO","BMO","-4.3238181544","-38.67029304","-4.3238181544, -38.67029304","","","","","","","","",""
"22","2302107","BATURITÉ","230210705","BATURITÉ","23021070500000100","BATURITÉ","Área Urbana de Alta Densidade de Edificações","BATURITÉ (Sede Municipal)","SISTEMA INTEGRADO DE ARACOIABA","BMO","-4.3312051564","-38.8800213756","-4.3312051564, -38.8800213756","","","","","","","","",""
"23","2302305","BELA CRUZ","230230505","BELA CRUZ","23023050599999900","BELA CRUZ","Área Urbana de Alta Densidade de Edificações","BELA CRUZ  (Sede Municipal)","SAA ETA BELA CRUZ","BAC","-3.056311","-40.176693","-3.056311, -40.176693","","","","","","","","",""
"24","2302305","BELA CRUZ","230230505","BELA CRUZ","23023050500001400","SALINAS","Área Urbana de Alta Densidade de Edificações","BELA CRUZ – BELA CRUZ – SALINAS  (Localidade)","SAA ETA BELA CRUZ","BAC","-3.056311","-40.176693","-3.056311, -40.176693","","","","","","","","",""
"25","2303105","CARIRÉ","230310505","CARIRÉ","23031050500001500","CARIRÉ","Área Urbana de Alta Densidade de Edificações","CARIRÉ (Sede Municipal)","SAA ETA CARIRÉ","BAC","-3.951205","-40.472346","-3.951205, -40.472346","","","","","","","","",""
"26","2304004","COREAÚ","230400405","COREAÚ","23040040599999900","COREAÚ","Área Rural (exclusive aglomerados)","COREAÚ (Sede Municipal)","SIAA ETA VÁRZEA DA VOLTA","BAC","-3.501812","-40.61639","-3.501812, -40.61639","","","","","","","","",""
"27","2304004","COREAÚ","230400420","UBAÚNA","23040042000001800","UBAÚNA","Área Urbana de Baixa Densidade de Edificações","COREAÚ – UBAÚNA (Sede Distrital)","SAA ETA UBAÚNA","BAC","-3.737796","-40.685133","-3.737796, -40.685133","","","","","","","","",""
"28","2304251","CRUZ","230425105","CRUZ","23042510500002500","CRUZ","Área Urbana de Alta Densidade de Edificações","CRUZ  (Sede Municipal)","SAA ETA CRUZ","BAC","-2.919345","-40.182133","-2.919345, -40.182133","","","","","","","","",""
"29","2304251","CRUZ","230425105","CRUZ","23042510500001200","PARAGUAI","Povoado","CRUZ – CRUZ – PARAGUAI  (Localidade)","SAA ETA PARAGUAI","BAC","-2.910265","-40.409717","-2.910265, -40.409717","","","","","","","","",""
"30","2304350","FORQUILHA","230435005","FORQUILHA","23043500500000200","FORQUILHA","Área Urbana de Baixa Densidade de Edificações","FORQUILHA  (Sede Municipal)","SAA ETA FORQUILHA","BAC","-3.799248","-40.256455","-3.799248, -40.256455","","","","","","","","",""
"31","2304509","FRECHEIRINHA","230450905","FRECHEIRINHA","23045090500001400","FRECHEIRINHA","Área Rural (exclusive aglomerados)","FRECHEIRINHA  (Sede Municipal)","SAA ETA FRECHEIRINHA","BAC","-3.638325","-40.817014","-3.638325, -40.817014","","","","","","","","",""
"32","2304905","GROAÍRAS","230490505","GROAÍRAS","23049050599999900","GROAÍRAS","Área Rural (exclusive aglomerados)","GROAÍRAS  (Sede Municipal)","SIAA ETA GROAÍRAS","BAC","-3.904021","-40.402141","-3.904021, -40.402141","","","","","","","","",""
"33","2304905","GROAÍRAS","230490505","GROAÍRAS","23049050599999901","SANHARÃO DOS DONATOS","Área Rural (exclusive aglomerados)","GROAÍRAS – GROAÍRAS – SANHARÃO DOS DONATOS (Localidade)","SIAA ETA GROAÍRAS","BAC","-3.904021","-40.402141","-3.904021, -40.402141","","","","","","","","",""
"34","2304905","GROAÍRAS","230490515","ITAMARACÁ","23049051500000400","CANTAGALO","Área Rural (exclusive aglomerados)","GROAÍRAS – ITAMARACÁ – CANTAGALO (Localidade)","SIAA ETA GROAÍRAS","BAC","-3.904021","-40.402141","-3.904021, -40.402141","","","","","","","","",""
"35","2304905","GROAÍRAS","230490515","ITAMARACÁ","23049051599999900","ITAMARACÁ","Área Rural (exclusive aglomerados)","GROAÍRAS – ITAMARACÁ (Sede Distrital)","SIAA ETA GROAÍRAS","BAC","-3.904021","-40.402141","-3.904021, -40.402141","","","","","","","","",""
"36","2304954","GUAIÚBA","230495405","GUAIÚBA","23049540500000100","GUAIÚBA","Área Urbana de Alta Densidade de Edificações","GUAIÚBA  (Sede Municipal)","SAA GUAIÚBA","BMO","-4.0402435005","-38.6344347805","-4.0402435005, -38.6344347805","","","","","","","","",""
"37","2304954","GUAIÚBA","230495410","ÁGUA VERDE","23049541000000700","ÁGUA VERDE","Área Urbana de Baixa Densidade de Edificações","GUAIÚBA – ÁGUA VERDE  (Sede Distrital)","SAA ÁGUA VERDE","BMO","-4.1559010112","-38.6772349467","-4.1559010112, -38.6772349467","","","","","","","","",""
"38","2305100","GUARAMIRANGA","230510005","GUARAMIRANGA","23051000500000100","GUARAMIRANGA","Área Urbana de Alta Densidade de Edificações","GUARAMIRANGA  (Sede Municipal)","SAA GUARAMIRANGA","BMO","-4.2620509186","-38.9406332851","-4.2620509186, -38.9406332851","","","","","","","","",""
"39","2305209","HIDROLÂNDIA","230520905","HIDROLÂNDIA","23052090599999900","HIDROLÂNDIA","Área Rural (exclusive aglomerados)","HIDROLÂNDIA (Sede Municipal)","SIAA ETA IRAJÁ","BAC","-4.360229","-40.46948","-4.360229, -40.46948","","","","","","","","",""
"40","2305209","HIDROLÂNDIA","230520920","IRAJÁ","23052092000000600","IRAJÁ","Área Rural (exclusive aglomerados)","HIDROLÂNDIA  - IRAJÁ (Sede Distrital)","SIAA ETA IRAJÁ","BAC","-4.360229","-40.46948","-4.360229, -40.46948","","","","","","","","",""
"41","2307254","JIJOCA DE JERICOACOARA","230725405","JIJOCA DE JERICOACOARA","23072540500001000","JERICOACOARA","Povoado","JIJOCA DE JERICOACOARA – JIJOCA DE JERICOACOARA – JERICOACOARA (Localidade)","SAA ETA JERICOACOARA","BAC","-2.793531","-40.517378","-2.793531, -40.517378","","","","","","","","",""
"42","2307254","JIJOCA DE JERICOACOARA","230725405","JIJOCA DE JERICOACOARA","23072540500000100","JIJOCA DE JERICOACOARA","Área Urbana de Alta Densidade de Edificações","JIJOCA DE JERICOACOARA   (Sede Municipal)","SAA ETA JIJOCA","BAC","-2.896118","-40.448661","-2.896118, -40.448661","","","","","","","","",""
"43","2307700","MARANGUAPE","230770010","AMANARI","23077001000000100","AMANARI","Área Urbana de Alta Densidade de Edificações","MARANGUAPE – AMANARI (Sede Distrital)","SAA AMANARI","BMO","-4.0215997922","-38.8663205746","-4.0215997922, -38.8663205746","","","","","","","","",""
"44","2307700","MARANGUAPE","230770020","ITAPEBUSSU","23077002000000800","ITAPEBUSSU","Área Urbana de Baixa Densidade de Edificações","MARANGUAPE – ITAPEBUSSU (Sede Distrital)","SAA ITAPEBUSSU","BMO","-4.0229110813","-38.9286557643","-4.0229110813, -38.9286557643","","","","","","","","",""
"45","2307700","MARANGUAPE","230770026","LADEIRA GRANDE","23077002600000100","LADEIRA GRANDE","Área Urbana de Alta Densidade de Edificações","MARANGUAPE – LADEIRA GRANDE (Sede Distrital)","SAA SAPUPARA","BMO","-3.9749749149","-38.7080832934","-3.9749749149, -38.7080832934","","","","","","","","",""
"46","2307700","MARANGUAPE","230770027","LAGES","23077002700000300","BOA VISTA DOS VIEIRAS","Povoado","MARANGUAPE – LAGES – BOA VISTA DOS VIEIRAS  (Localidade)","SAA SAPUPARA","BMO","-4.0251668784","-38.7204417747","-4.0251668784, -38.7204417747","","","","","","","","",""
"47","2307700","MARANGUAPE","230770027","LAGES","23077002700000600","LAGES","Área Urbana de Alta Densidade de Edificações","MARANGUAPE – LAGES (Sede Distrital)","SAA SAPUPARA","BMO","-4.0166504361","-38.7116384902","-4.0166504361, -38.7116384902","","","","","","","","",""
"48","2307700","MARANGUAPE","230770029","LAGOA DO JUVENAL","23077002900000100","LAGOA DO JUVENAL","Área Urbana de Alta Densidade de Edificações","MARANGUAPE – LAGOA DO JUVENAL (Sede Distrital)","SAA SAPUPARA","BMO","-4.0269718264","-38.9746606286","-4.0269718264, -38.9746606286","","","","","","","","",""
"49","2307700","MARANGUAPE","230770031","MANOEL GUEDES","23077003100000100","MANOEL GUEDES","Área Urbana de Alta Densidade de Edificações","MARANGUAPE – MANOEL GUEDES (Sede Distrital)","SAA ITAPEBUSSU","BMO","-4.0720620601","-38.8930471125","-4.0720620601, -38.8930471125","","","","","","","","",""
"50","2307700","MARANGUAPE","230770005","MARANGUAPE","23077000500000100","MARANGUAPE","Área Urbana de Alta Densidade de Edificações","MARANGUAPE  (Sede Municipal)","SAA MARANGUAPE","BMO","-3.89186946","-38.6858512477","-3.89186946, -38.6858512477","","","","","","","","",""
"51","2307700","MARANGUAPE","230770033","PENEDO","23077003300000700","PENEDO","Área Urbana de Baixa Densidade de Edificações","MARANGUAPE – PENEDO (Sede Distrital)","SAA SAPUPARA","BMO","-3.9713265995","-38.7467720943","-3.9713265995, -38.7467720943","","","","","","","","",""
"52","2307700","MARANGUAPE","230770035","SAPUPARA","23077003500001900","SAPUPARA","Área Urbana de Baixa Densidade de Edificações","MARANGUAPE – SAPUPARA (Sede Distrital)","SAA SAPUPARA","BMO","-3.9456376981","-38.6903901853","-3.9456376981, -38.6903901853","","","","","","","","",""
"53","2307700","MARANGUAPE","230770037","SÃO JOÃO DO AMANARI","23077003700000100","SÃO JOÃO DO AMANARI","Área Urbana de Baixa Densidade de Edificações","MARANGUAPE – SÃO JOÃO DO AMANARI (Sede Distrital)","SAA AMANARI","BMO","-4.0206655398","-38.887270064","-4.0206655398, -38.887270064","","","","","","","","",""
"54","2307700","MARANGUAPE","230770042","UMARIZEIRAS","23077004200000300","UMARIZEIRAS","Área Urbana de Baixa Densidade de Edificações","MARANGUAPE – UMARIZEIRAS  (Sede Distrital)","SAA SAPUPARA","BMO","-4.0057040847","-38.7303651966","-4.0057040847, -38.7303651966","","","","","","","","",""
"55","2307809","MARCO","230780905","MARCO","23078090500000300","MARCO","Área Urbana de Alta Densidade de Edificações","MARCO  (Sede Municipal)","SAA ETA MARCO","BAC","-3.125209","-40.150902","-3.125209, -40.150902","","","","","","","","",""
"56","2307908","MARTINÓPOLE","230790805","MARTINÓPOLE","23079080500001400","MARTINÓPOLE","Área Urbana de Alta Densidade de Edificações","MARTINÓPOLE  (Sede Municipal)","SAA ETA MARTINÓPOLE","BAC","-3.226619","-40.693106","-3.226619, -40.693106","","","","","","","","",""
"57","2308005","MASSAPÊ","230800513","IPAGUAÇU","23080051399999900","IPAGUAÇU","Área Urbana de Baixa Densidade de Edificações","MASSAPÊ – IPAGUAÇU (Sede Distrital)","SIAA ETA IPAGUAÇU","BAC","-3.510191","-40.2788","-3.510191, -40.2788","","","","","","","","",""
"58","2308005","MASSAPÊ","230800505","MASSAPÊ","23080050599999900","MASSAPÊ","Área Urbana de Baixa Densidade de Edificações","MASSAPÊ  (Sede Municipal)","SIAA ETA IPAGUAÇU","BAC","-3.510191","-40.2788","-3.510191, -40.2788","","","","","","","","",""
"59","2308005","MASSAPÊ","230800515","MUMBABA","23080051599999900","MUMBABA","Área Urbana de Baixa Densidade de Edificações","MASSAPÊ – MUMBABA (Sede Distrital)","SIAA ETA IPAGUAÇU","BAC","-3.510191","-40.2788","-3.510191, -40.2788","","","","","","","","",""
"60","2308203","MERUOCA","230820305","MERUOCA","23082030500000400","MERUOCA","Área Urbana de Alta Densidade de Edificações","MERUOCA  (Sede Municipal)","SAA ETA MERUOCA","BAC","-3.534688","-40.462142","-3.534688, -40.462142","","","","","","","","",""
"61","2308807","MORAÚJO","230880705","MORAÚJO","23088070500000900","MORAÚJO","Área Urbana de Alta Densidade de Edificações","MORAÚJO (Sede Municipal)","SAA ETA MORAÚJO","BAC","-3.467235","-40.675754","-3.467235, -40.675754","","","","","","","","",""
"62","2308807","MORAÚJO","230880710","VÁRZEA DA VOLTA","23088071000000400","VÁRZEA DA VOLTA","Área Rural (exclusive aglomerados)","MORAÚJO – VÁRZEA DA VOLTA (Sede Distrital)","SIAA ETA VÁRZEA DA VOLTA","BAC","-3.501812","-40.61639","-3.501812, -40.61639","","","","","","","","",""
"63","2308906","MORRINHOS","230890605","MORRINHOS","23089060500002800","MORRINHOS","Área Rural (exclusive aglomerados)","MORRINHOS  (Sede Municipal)","SAA ETA MORRINHOS","BAC","-3.231047","-40.132693","-3.231047, -40.132693","","","","","","","","",""
"64","2308906","MORRINHOS","230890640","SÍTIO ALEGRE","23089064000001000","SÍTIO ALEGRE","Área Rural (exclusive aglomerados)","MORRINHOS – SÍTIO ALEGRE (Sede Distrital)","SAA ETA SÍTIO ALEGRE","BAC","-3.320666","-40.024775","-3.320666, -40.024775","","","","","","","","",""
"65","2309102","MULUNGU","230910205","MULUNGU","23091020500000100","MULUNGU","Área Urbana de Alta Densidade de Edificações","MULUNGU  (Sede Municipal)","SAA MULUNGU","BMO","-4.2995283201","-38.9930659239","-4.2995283201, -38.9930659239","","","","","","","","",""
"66","2309706","PACATUBA","230970633","MONGUBA","23097063300002000","MONGUBA","Área Urbana de Baixa Densidade de Edificações","PACATUBA – MONGUBA (Sede Distrital)","SAA PACATUBA","BMO","-3.9309170945","-38.6124404996","-3.9309170945, -38.6124404996","","","","","","","","",""
"67","2309706","PACATUBA","230970605","PACATUBA","23097060500000100","PACATUBA","Área Urbana de Alta Densidade de Edificações","PACATUBA  (Sede Municipal)","SAA PACATUBA","BMO","-3.9861200223","-38.618299312","-3.9861200223, -38.618299312","","","","","","","","",""
"68","2309706","PACATUBA","230970635","PAVUNA","23097063500004200","PAVUNA","Área Urbana de Alta Densidade de Edificações","PACATUBA  (Sede Municipal)","SI FORTALEZA","BMO","-3.9190278635","-38.6025500548","-3.9190278635, -38.6025500548","","","","","","","","",""
"69","2309706","PACATUBA","230970635","PAVUNA","23097063500004400","TIMBÓ VELHO","Área Urbana de Alta Densidade de Edificações","PACATUBA – PAVUNA – TIMBÓ VELHO (Localidade)","SI FORTALEZA","BMO","-3.8932116799","-38.5934480715","-3.8932116799, -38.5934480715","","","","","","","","",""
"70","2309805","PACOTI","230980505","PACOTI","23098050500001000","PACOTI","Área Urbana de Baixa Densidade de Edificações","PACOTI  (Sede Municipal)","SAA PACOTI","BMO","-4.2247654331","-38.9258889387","-4.2247654331, -38.9258889387","","","","","","","","",""
"71","2310100","PALMÁCIA","231010005","PALMÁCIA","23101000500000100","PALMÁCIA","Área Urbana de Alta Densidade de Edificações","PALMÁCIA  (Sede Municipal)","SAA PALMACIA","BMO","-4.1489817745","-38.8450290663","-4.1489817745, -38.8450290663","","","","","","","","",""
"72","2311603","REDENÇÃO","231160315","ANTÔNIO DIOGO","23116031500000100","ANTÔNIO DIOGO","Área Urbana de Alta Densidade de Edificações","REDENÇÃO – ANTÔNIO DIOGO (Sede Distrital)","SISTEMA INTEGRADO DE REDENÇÃO","BMO","-4.3112116635","-38.7442793368","-4.3112116635, -38.7442793368","","","","","","","","",""
"73","2311603","REDENÇÃO","231160330","BARRA NOVA","23116033000000100","BARRA NOVA","Área Urbana de Alta Densidade de Edificações","REDENÇÃO – BARRA NOVA (Sede Distrital)","SISTEMA INTEGRADO DE REDENÇÃO","BMO","-4.1932523833","-38.7852102465","-4.1932523833, -38.7852102465","","","","","","","","",""
"74","2311603","REDENÇÃO","231160305","REDENÇÃO","23116030500000800","ITAPAÍ","Povoado","REDENÇÃO – REDENÇÃO – ITAPAÍ (Localidade)","SISTEMA INTEGRADO DE REDENÇÃO","BMO","-4.2746404422","-38.7292957128","-4.2746404422, -38.7292957128","","","","","","","","",""
"75","2311603","REDENÇÃO","231160305","REDENÇÃO","23116030500001600","OUTEIRO DE FORA","Povoado","REDENÇÃO – REDENÇÃO – OUTEIRO DE FORA (Localidade)","SISTEMA INTEGRADO DE REDENÇÃO","BMO","-4.2014169907","-38.7365808117","-4.2014169907, -38.7365808117","","","","","","","","",""
"76","2311603","REDENÇÃO","231160305","REDENÇÃO","23116030500000100","REDENÇÃO","Área Urbana de Alta Densidade de Edificações","REDENÇÃO  (Sede Municipal)","SISTEMA INTEGRADO DE REDENÇÃO","BMO","-4.2229581502","-38.7295707506","-4.2229581502, -38.7295707506","","","","","","","","",""
"77","2312205","SANTA QUITÉRIA","231220510","LISIEUX","23122051000001100","LISIEUX","Área Urbana de Baixa Densidade de Edificações","SANTA QUITÉRIA – LISIEUX (Sede Distrital)","SAA ETA LISIEUX","BAC","-3.999706","-40.186119","-3.999706, -40.186119","","","","","","","","",""
"78","2312205","SANTA QUITÉRIA","231220525","MACARAÚ","23122052500000500","MACARAÚ","Área Urbana de Baixa Densidade de Edificações","SANTA QUITÉRIA – MACARAÚ (Sede Distrital)","SAA ETA MACARAÚ","BAC","-4.105716","-40.426601","-4.105716, -40.426601","","","","","","","","",""
"79","2312205","SANTA QUITÉRIA","231220505","SANTA QUITÉRIA","23122050500002600","SANTA QUITÉRIA","Área Rural (exclusive aglomerados)","SANTA QUITÉRIA  (Sede Municipal)","SAA ETA SANTA QUITÉRIA","BAC","-4.238507","-40.06789","-4.238507, -40.06789","","","","","","","","",""
"80","2312007","SANTANA DO ACARAÚ","231200705","SANTANA DO ACARAÚ","23120070500002600","SANTANA DO ACARAÚ","Área Urbana de Baixa Densidade de Edificações","SANTANA DO ACARAÚ  (Sede Municipal)","SAA ETA SANTANA","BAC","-3.4574","-40.218159","-3.4574, -40.218159","","","","","","","","",""
"81","2312809","SENADOR SÁ","231280905","SENADOR SÁ","23128090599999900","SENADOR SÁ","Área Urbana de Baixa Densidade de Edificações","SENADOR SÁ  (Sede Municipal)","SAA ETA LISIEUX","BAC","-3.999706","-40.186119","-3.999706, -40.186119","","","","","","","","",""
"82","2312908","SOBRAL","231290807","APRAZÍVEL","23129080799999900","APRAZÍVEL","Área Urbana de Baixa Densidade de Edificações","SOBRAL – APRAZÍVEL (Sede Distrital)","SAA ETA MACARAÚ","BAC","-4.105716","-40.426601","-4.105716, -40.426601","","","","","","","","",""
"83","2312908","SOBRAL","231290835","JAIBARAS","23129083599999901","IPUEIRAS","Área Rural (exclusive aglomerados)","SOBRAL – JAIBARAS – IPUEIRAS (Localidade)","SAA ETA SANTA QUITÉRIA","BAC","-4.238507","-40.06789","-4.238507, -40.06789","","","","","","","","",""
"84","2312908","SOBRAL","231290835","JAIBARAS","23129083599999900","JAIBARAS","Área Urbana de Baixa Densidade de Edificações","SOBRAL – JAIBARAS (Sede Distrital)","SAA ETA SANTANA","BAC","-3.4574","-40.218159","-3.4574, -40.218159","","","","","","","","",""
"85","2313906","URUOCA","231390605","URUOCA","23139060500003300","URUOCA","Área Urbana de Alta Densidade de Edificações","URUOCA  (Sede Municipal)","SIAA ETA URUOCA","BAC","-3.314462","-40.559461","-3.314462, -40.559461","","","","","","","","",""
"86","2301000","AQUIRAZ","230100005","AQUIRAZ","23010000599999900","AQUIRAZ","Área Urbana de Baixa Densidade de Edificações","AQUIRAZ  (Sede Municipal)","ETA Aquiraz","BML","-3.9344444444","-38.3411111111","-3.9344444444, -38.3411111111","","","","","","","","",""
"88","2301000","AQUIRAZ","230100005","AQUIRAZ","23010000599999901","PRAINHA","Área Urbana de Baixa Densidade de Edificações","AQUIRAZ – AQUIRAZ – PRAINHA (Localidade)","ETA Aquiraz","BML","-3.9344444444","-38.3411111111","-3.9344444444, -38.3411111111","","","","","","","","",""
"89","2301000","AQUIRAZ","230100030","TAPERA","23010003000000700","TAPERA","Área Urbana de Baixa Densidade de Edificações","AQUIRAZ – TAPERA (Sede Distrital)","ETA Riviera","BML","-3.9344444444","-38.3405555556","-3.9344444444, -38.3405555556","","","","","","","","",""
"90","2302206","BEBERIBE","230220605","BEBERIBE","23022060599999900","BEBERIBE","Área Urbana de Alta Densidade de Edificações","BEBERIBE (Sede Municipal)","ETA Beberibe","BML","-4.1833333333","-38.1269444444","-4.1833333333, -38.1269444444","","","","","","","","",""
"91","2302206","BEBERIBE","230220605","BEBERIBE","23022060599999901","CHORÓ","Área Urbana de Alta Densidade de Edificações","BEBERIBE – BEBERIBE – CHORO (Localidade)","ETA Beberibe","BML","-4.1833333333","-38.1269444444","-4.1833333333, -38.1269444444","","","","","","","","",""
"92","2302206","BEBERIBE","230220605","BEBERIBE","23022060500001100","MORRO BRANCO","Área Urbana de Alta Densidade de Edificações","BEBERIBE – BEBERIBE – MORRO BRANCO  (Localidade)","ETA Beberibe","BML","-4.1833333333","-38.1269444444","-4.1833333333, -38.1269444444","","","","","","","","",""
"93","2303501","CASCAVEL","230350110","CAPONGA","23035011000001300","CAPONGA","Área Urbana de Alta Densidade de Edificações","CASCAVEL  (Sede Municipal)","ETA Caponga","BML","-4.0491666667","-38.1972222222","-4.0491666667, -38.1972222222","","","","","","","","",""
"94","2303501","CASCAVEL","230350105","CASCAVEL","23035010500001900","CASCAVEL","Área Urbana de Baixa Densidade de Edificações","CASCAVEL  (Sede Municipal)","ETA Malcozinhado","BML","-4.1069444444","-38.2897222222","-4.1069444444, -38.2897222222","","","","","","","","",""
"95","2303956","CHOROZINHO","230395605","CHOROZINHO","23039560599999900","CHOROZINHO","Área Urbana de Baixa Densidade de Edificações","CHOROZINHO  (Sede Municipal)","ETA Horizonte","BML","-4.0755555556","-38.5172222222","-4.0755555556, -38.5172222222","","","","","","","","",""
"96","2303956","CHOROZINHO","230395635","TIMBAUBA DOS MARINHEIROS","23039563599999900","TIMBAÚBA DOS MARINHEIROS","Área Urbana de Alta Densidade de Edificações","CHOROZINHO – TIMBAUBA DOS MARINHEIROS (Sede Distrital)","ETA Triângulo","BML","-4.3311111111","-38.4811111111","-4.3311111111, -38.4811111111","","","","","","","","",""
"97","2303956","CHOROZINHO","230395640","TRIÂNGULO","23039564000000500","TRIÂNGULO","Área Urbana de Alta Densidade de Edificações","CHOROZINHO – TRIÂNGULO (Sede Distrital)","ETA Triângulo","BML","-4.3311111111","-38.4811111111","-4.3311111111, -38.4811111111","","","","","","","","",""
"98","2305233","HORIZONTE","230523312","DOURADOS","23052331299999900","DOURADOS","Área Urbana de Baixa Densidade de Edificações","HORIZONTE – DOURADOS (Sede Distrital)","ETA Horizonte","BML","-4.0755555556","-38.5172222222","-4.0755555556, -38.5172222222","","","","","","","","",""
"99","2305233","HORIZONTE","230523305","HORIZONTE","23052330599999900","HORIZONTE","Área Urbana de Baixa Densidade de Edificações","HORIZONTE – HORIZONTE (Sede Distrital)","ETA Horizonte","BML","-4.0755555556","-38.5172222222","-4.0755555556, -38.5172222222","","","","","","","","",""
"100","2305233","HORIZONTE","230523330","QUEIMADOS","23052333099999901","CAJUEIRO DA MALHADA","Área Urbana de Baixa Densidade de Edificações","HORIZONTE – QUEIMADOS – CAJUEIRO DA MALHADA  (Localidade)","ETA Horizonte","BML","-4.0755555556","-38.5172222222","-4.0755555556, -38.5172222222","","","","","","","","",""
"101","2305233","HORIZONTE","230523330","QUEIMADOS","23052333099999900","QUEIMADOS","Área Urbana de Baixa Densidade de Edificações","HORIZONTE – QUEIMADOS (Sede Distrital)","ETA Horizonte","BML","-4.0755555556","-38.5172222222","-4.0755555556, -38.5172222222","","","","","","","","",""
"102","2306256","ITAITINGA","230625605","ITAITINGA","23062560500007800","LAGOA DE DENTRO","Área Urbana de Alta Densidade de Edificações","ITAITINGA – ITAITINGA – LAGOA DE DENTRO  (Localidade)","ETA Itaitinga","BML","-3.9775","-38.5330555556","-3.9775, -38.5330555556","","","","","","","","",""
"103","2306256","ITAITINGA","230625605","ITAITINGA","23062560599999900","RIACHÃO","Área Urbana de Alta Densidade de Edificações","ITAITINGA – ITAITINGA – RIACHÃO  (Localidade)","ETA Itaitinga","BML","-3.9775","-38.5330555556","-3.9775, -38.5330555556","","","","","","","","",""
"104","2309607","PACAJUS","230960705","PACAJUS","23096070599999900","PACAJUS","Área Urbana de Baixa Densidade de Edificações","PACAJUS  (Sede Municipal)","ETA Horizonte","BML","-4.0755555556","-38.5172222222","-4.0755555556, -38.5172222222","","","","","","","","",""
"105","2300101","ABAIARA","230010105","ABAIARA","23001010500001800","ABAIARA","Área Urbana de Baixa Densidade de Edificações","ABAIARA  (Sede Municipal)","ABAIARA (POÇO)","BSA","-7.354109541","-39.0453583037","-7.354109541, -39.0453583037","","","","","","","","",""
"106","2300309","ACOPIARA","230030905","ACOPIARA","23003090500000600","ACOPIARA","Área Urbana de Alta Densidade de Edificações","ACOPIARA  (Sede Municipal)","ACOPIARA","BAJ","-6.0880950096","-39.455009301","-6.0880950096, -39.455009301","","","","","","","","",""
"107","2300606","ALTANEIRA","230060605","ALTANEIRA","23006060500000600","ALTANEIRA","Área Rural (exclusive aglomerados)","ALTANEIRA (Sede Municipal)","ALTANEIRA","BSA","-6.9683586533","-39.7275286724","-6.9683586533, -39.7275286724","","","","","","","","",""
"108","2300804","ANTONINA DO NORTE","230080405","ANTONINA DO NORTE","23008040500001100","ANTONINA DO NORTE","Povoado","ANTONINA DO NORTE (Sede Municipal)","SI ANTONINA DO NORTE","BAJ","-6.7720072612","-40.0642838968","-6.7720072612, -40.0642838968","","","","","","","","",""
"109","2300804","ANTONINA DO NORTE","230080405","ANTONINA DO NORTE","23008040500001200","ANTONINA DO NORTE","Área Rural (exclusive aglomerados)","ANTONINA DO NORTE – ANTONINA DO NORTE – ANTONINA DO NORTE (Localidade)","SI ANTONINA DO NORTE","BAJ","-6.76083453","-40.0147408278","-6.76083453, -40.0147408278","","","","","","","","",""
"110","2300804","ANTONINA DO NORTE","230080410","TABOLEIRO","23008041000000100","TABOLEIRO","Área Urbana de Alta Densidade de Edificações","ANTONINA DO NORTE – TABOLEIRO  (Sede Distrital)","SI ANTONINA DO NORTE","BAJ","-6.7372703643","-39.9562318253","-6.7372703643, -39.9562318253","","","","","","","","",""
"111","2301109","ARACATI","230110905","ARACATI","23011090500001400","BAIXIO","Área Urbana de Alta Densidade de Edificações","ARACATI – ARACATI – BAIXIO (Localidade)","ARACATI","BBJ","-4.5611066591","-37.7681111477","-4.5611066591, -37.7681111477","","","","","","","","",""
"112","2301109","ARACATI","230110905","ARACATI","23011090500009700","CANAVIEIRA","Povoado","ARACATI – ARACATI – CANAVIEIRA (Localidade)","ARACATI","BBJ","-4.5299188084","-37.8008956341","-4.5299188084, -37.8008956341","","","","","","","","",""
"113","2301109","ARACATI","230110905","ARACATI","23011090500004200","CANOA QUEBRADA","Área Rural (exclusive aglomerados)","ARACATI – ARACATI – CANOA QUEBRADA (Localidade)","ARACATI","BBJ","-4.5042545074","-37.7779733776","-4.5042545074, -37.7779733776","","","","","","","","",""
"114","2301109","ARACATI","230110905","ARACATI","23011090500008800","CUMBÉ","Núcleo Urbano","ARACATI – ARACATI – CUMBÉ (Localidade)","ARACATI","BBJ","-4.5258856494","-37.7047327349","-4.5258856494, -37.7047327349","","","","","","","","",""
"115","2301109","ARACATI","230110905","ARACATI","23011090500004300","CÓRREGO DA INVEJA","Povoado","ARACATI – ARACATI – CÓRREGO DA INVEJA (Localidade)","ARACATI","BBJ","-4.4887666565","-37.7691747499","-4.4887666565, -37.7691747499","","","","","","","","",""
"116","2301109","ARACATI","230110905","ARACATI","23011090500006000","MAJORLÂNDIA","Área Rural (exclusive aglomerados)","ARACATI – ARACATI – MAJORLÂNDIA (Localidade)","ARACATI","BBJ","-4.5095720584","-37.7994329998","-4.5095720584, -37.7994329998","","","","","","","","",""
"117","2301109","ARACATI","230110905","ARACATI","23011090500008400","PEDRA REDONDA","Núcleo Urbano","ARACATI – ARACATI – PEDRA REDONDA (Localidade)","MAJORLANDIA","BBJ","-4.5544197453","-37.6710597924","-4.5544197453, -37.6710597924","","","","","","","","",""
"118","2301109","ARACATI","230110905","ARACATI","23011090500010400","QUIXABA","Núcleo Urbano","ARACATI – ARACATI – QUIXABA (Localidade)","ARACATI","BBJ","-4.592078992","-37.796226546","-4.592078992, -37.796226546","","","","","","","","",""
"119","2301109","ARACATI","230110905","ARACATI","23011090500008000","VOLTA","Núcleo Urbano","ARACATI – ARACATI – VOLTA (Localidade)","MAJORLANDIA","BBJ","-4.5716320179","-37.6546520615","-4.5716320179, -37.6546520615","","","","","","","","",""
"120","2301109","ARACATI","230110907","BARREIRA DOS VIANAS","23011090500008500","BOCA DO FORNO","Lugarejo","ARACATI – BARREIRA DOS VIANAS – BOCA DO FORNO (Localidade)","ARACATI","BBJ","-4.5382280012","-37.7898617513","-4.5382280012, -37.7898617513","","","","","","","","",""
"121","2301109","ARACATI","230110910","CABREIRO","23011090700001100","CABREIRO","Povoado","ARACATI – CABREIRO (Sede Distrital)","ITAIÇABA","BBJ","-4.688876644","-37.7940187118","-4.688876644, -37.7940187118","","","","","","","","",""
"122","2301109","ARACATI","230110910","CABREIRO","23011091000000300","TABULEIRO","Povoado","ARACATI – CABREIRO – TABULEIRO (Localidade)","CABREIRO","BBJ","-4.6161788734","-37.8322521894","-4.6161788734, -37.8322521894","","","","","","","","",""
"123","2301208","ARACOIABA","230120805","ARACOIABA","23012080599999900","ARACOIABA","Área Urbana de Alta Densidade de Edificações","ARACOIABA  (Sede Municipal)","CABREIRO","BMO","-4.6298848033","-37.8253619955","-4.6298848033, -37.8253619955","","","","","","","","",""
"124","2301208","ARACOIABA","230120815","IDEAL","23012081500000400","CAPIVARA","Povoado","ARACOIABA – IDEAL – CAPIVARA (Localidade)","SI OCARA","BBA","-4.4519310393","-38.655776563","-4.4519310393, -38.655776563","","","","","","","","",""
"125","2301208","ARACOIABA","230120815","IDEAL","23012081500000100","IDEAL","Área Urbana de Alta Densidade de Edificações","ARACOIABA – IDEAL (Sede Distrital)","SI OCARA","BBA","-4.4294300925","-38.6717850302","-4.4294300925, -38.6717850302","","","","","","","","",""
"126","2301257","ARARENDÁ","230125705","ARARENDÁ","23012570500000100","ARARENDÁ","Área Urbana de Alta Densidade de Edificações","ARARENDÁ  (Sede Municipal)","ARARENDÁ","BBA","-4.7499013208","-40.8305330227","-4.7499013208, -40.8305330227","","","","","","","","",""
"127","2301307","ARARIPE","230130710","ALAGOINHA","23013071000000100","ALAGOINHA","Área Urbana de Alta Densidade de Edificações","ARARIPE – ALAGOINHA  (Sede Distrital)","SI ALAGOINHA","BAJ","-7.0855285164","-40.1733880816","-7.0855285164, -40.1733880816","","","","","","","","",""
"128","2301307","ARARIPE","230130705","ARARIPE","23013070599999900","ARARIPE","Área Urbana de Alta Densidade de Edificações","ARARIPE  (Sede Municipal)","SI ALAGOINHA","BAJ","-7.2156961996","-40.1367587319","-7.2156961996, -40.1367587319","","","","","","","","",""
"129","2301307","ARARIPE","230130705","ARARIPE","23013070599999901","SÍTIO BAIXIO DO LIMA","Área Rural (exclusive aglomerados)","ARARIPE – ARARIPE – SÍTIO BAIXIO DO LIMA  (Localidade)","SI ALAGOINHA","BAJ","-7.1651134386","-40.1800155128","-7.1651134386, -40.1800155128","","","","","","","","",""
"130","2301307","ARARIPE","230130705","ARARIPE","23013070500001000","SÍTIO MERENSE","Área Rural (exclusive aglomerados)","ARARIPE – ARARIPE – SÍTIO MERENSE  (Localidade)","SI ALAGOINHA","BAJ","-7.1651219581","-40.2003111864","-7.1651219581, -40.2003111864","","","","","","","","",""
"131","2301307","ARARIPE","230130720","PAJEÚ","23013072000000300","PAJEÚ","Área Rural (exclusive aglomerados)","ARARIPE – PAJEÚ  (Sede Distrital)","SI ALAGOINHA","BAJ","-7.2099759994","-40.2003112011","-7.2099759994, -40.2003112011","","","","","","","","",""
"132","2301505","ARNEIROZ","230150505","ARNEIROZ","23015050500001600","ARNEIROZ","Área Urbana de Baixa Densidade de Edificações","ARNEIROZ  (Sede Municipal)","ARNEIROZ","BAJ","-6.3181905932","-40.1656705299","-6.3181905932, -40.1656705299","","","","","","","","",""
"133","2301604","ASSARÉ","230160405","ASSARÉ","23016040500002900","ASSARÉ","Área Urbana de Baixa Densidade de Edificações","ASSARÉ  (Sede Municipal)","ASSARÉ","BAJ","-6.8859934194","-39.8681976803","-6.8859934194, -39.8681976803","","","","","","","","",""
"134","2301703","AURORA","230170305","AURORA","23017032000000200","AURORA","Área Rural (exclusive aglomerados)","AURORA (Sede Municipal)","AURORA","BSA","-6.9903668924","-39.0186232565","-6.9903668924, -39.0186232565","","","","","","","","",""
"135","2301703","AURORA","230170310","INGAZEIRAS","23017031000001300","INGAZEIRAS","Área Rural (exclusive aglomerados)","AURORA – INGAZEIRAS  (Sede Distrital)","INGAZEIRA(AÇUDE TRAIRAS)","BSA","-7.0909846941","-39.0246582665","-7.0909846941, -39.0246582665","","","","","","","","",""
"136","2301802","BAIXIO","230180205","BAIXIO","23018020599999900","BAIXIO","Área Rural (exclusive aglomerados)","BAIXIO – BAIXIO – BAIXIO  (Localidade)","BAIXIO (JENIPAPEIRO II)","BSA","-6.6741772119","-38.7535510096","-6.6741772119, -38.7535510096","","","","","","","","",""
"137","2301802","BAIXIO","230180205","BAIXIO","23018020500001300","BAIXIO","Área Urbana de Baixa Densidade de Edificações","BAIXIO  (Sede Municipal)","BAIXIO ( POÇOS)","BSA","-6.7313261692","-38.7189753286","-6.7313261692, -38.7189753286","","","","","","","","",""
"138","2301901","BARBALHA","230190105","BARBALHA","23019010500013500","BARBALHA","Área Urbana de Baixa Densidade de Edificações","BARBALHA – BARBALHA  (Sede Distrital)","BARBALHA (POÇOS)","BSA","-7.3100714561","-39.3074009214","-7.3100714561, -39.3074009214","","","","","","","","",""
"139","2302008","BARRO","230200805","BARRO","23020080500002000","BARRO","Área Urbana de Alta Densidade de Edificações","BARRO (Sede Municipal)","BARRO (POÇOS)","BSA","-7.1815476398","-38.7782239752","-7.1815476398, -38.7782239752","","","","","","","","",""
"140","2302008","BARRO","230200815","IARA","23020081500000100","IARA","Área Urbana de Alta Densidade de Edificações","BARRO – IARA (Sede Distrital)","IARA (AÇUDE)","BSA","-7.0564833522","-38.7841138806","-7.0564833522, -38.7841138806","","","","","","","","",""
"141","2302057","BARROQUINHA","230205710","ARARAS","23020571000000100","ARARAS","Área Urbana de Alta Densidade de Edificações","BARROQUINHA – ARARAS (Sede Distrital)","SIAA CHAVAL/BARROQUINHA","BSI","-2.9356170689","-41.1614751842","-2.9356170689, -41.1614751842","","","","","","","","",""
"142","2302057","BARROQUINHA","230205705","BARROQUINHA","23020570500000900","BARROQUINHA","Área Urbana de Alta Densidade de Edificações","BARROQUINHA  (Sede Municipal)","SIAA CHAVAL/BARROQUINHA","BSI","-3.019983329","-41.1344531398","-3.019983329, -41.1344531398","","","","","","","","",""
"143","2302057","BARROQUINHA","230205705","BARROQUINHA","23020570500001700","LAGOA DO MATO","Povoado","BARROQUINHA – BARROQUINHA – LAGOA DO MATO (Localidade)","SIAA CHAVAL/BARROQUINHA","BSI","-3.0568320051","-41.1347619851","-3.0568320051, -41.1347619851","","","","","","","","",""
"144","2302057","BARROQUINHA","230205715","BITUPITÁ","23020571500000100","BITUPITÁ","Área Urbana de Alta Densidade de Edificações","BARROQUINHA – BITUPITÁ (Sede Distrital)","SIAA CHAVAL/BARROQUINHA","BSI","-2.8950891168","-41.2752939313","-2.8950891168, -41.2752939313","","","","","","","","",""
"145","2302206","BEBERIBE","230220615","PARAJURU","23022061500001500","PARAJURU","Área Urbana de Baixa Densidade de Edificações","BEBERIBE – PARAJURU (Sede Distrital)","PARAJURU","BML","-4.3829920688","-37.8581905579","-4.3829920688, -37.8581905579","","","","","","","","",""
"146","2302206","BEBERIBE","230220622","SERRA DO FÉLIX","23022062200000100","SERRA DO FÉLIX","Área Urbana de Alta Densidade de Edificações","BEBERIBE – SERRA DO FÉLIX (Sede Distrital)","SERRA DO FÉLIX","BML","-4.5112599731","-38.1812857235","-4.5112599731, -38.1812857235","","","","","","","","",""
"147","2302701","CAMPOS SALES","230270105","CAMPOS SALES","23027010500006400","CAMPOS SALES","Área Rural (exclusive aglomerados)","CAMPOS SALES  (Sede Municipal)","CAMPOS SALES","BAJ","-7.0479948818","-40.3682887433","-7.0479948818, -40.3682887433","","","","","","","","",""
"148","2302909","CAPISTRANO","230290905","CAPISTRANO","23029090500003300","CAPISTRANO","Área Urbana de Alta Densidade de Edificações","CAPISTRANO (Sede Municipal)","CAPISTRANO","BBA","-4.4666956943","-38.9051998689","-4.4666956943, -38.9051998689","","","","","","","","",""
"149","2303006","CARIDADE","230300610","CAMPOS BELOS","23030061000001300","CAMPOS BELOS","Área Urbana de Alta Densidade de Edificações","CARIDADE – CAMPOS BELOS  (Sede Distrital)","SI PARAMOTI","BBA","-4.0978995184","-39.0576075512","-4.0978995184, -39.0576075512","","","","","","","","",""
"150","2303006","CARIDADE","230300605","CARIDADE","23030061500001200","CARIDADE","Área Rural (exclusive aglomerados)","CARIDADE (Sede Municipal)","SI CARIDADE","BBA","-4.225934433","-39.2830149937","-4.225934433, -39.2830149937","","","","","","","","",""
"151","2303006","CARIDADE","230300605","CARIDADE","23030061500000500","PEDRA BRANCA","Povoado","CARIDADE – CARIDADE – PEDRA BRANCA (Localidade)","SI CARIDADE","BBA","-4.2108179591","-39.2445124427","-4.2108179591, -39.2445124427","","","","","","","","",""
"152","2303006","CARIDADE","230300605","CARIDADE","23030061500000600","PEREIROS","Povoado","CARIDADE – CARIDADE – PEREIROS (Localidade)","SI CARIDADE","BBA","-4.2447207075","-39.2548263105","-4.2447207075, -39.2548263105","","","","","","","","",""
"153","2303303","CARIÚS","230330305","CARIÚS","23033030500000600","CARIÚS","Área Rural (exclusive aglomerados)","CARIÚS (Sede Municipal)","CARIÚS","BAJ","-6.5410148949","-39.4947546623","-6.5410148949, -39.4947546623","","","","","","","","",""
"154","2303402","CARNAUBAL","230340205","CARNAUBAL","23034020500002400","CARNAUBAL","Área Urbana de Alta Densidade de Edificações","CARNAUBAL  (Sede Municipal)","SI COMPLEXO JABURU","BSI","-4.1625414288","-40.9414775267","-4.1625414288, -40.9414775267","","","","","","","","",""
"155","2303402","CARNAUBAL","230340205","CARNAUBAL","23034020500000900","FAVEIRA","Povoado","CARNAUBAL – CARNAUBAL – FAVEIRA (Localidade)","SAA FAVEIRA","BSI","-4.059680934","-40.9658578211","-4.059680934, -40.9658578211","","","","","","","","",""
"156","2303600","CATARINA","230360005","CATARINA","23036000500002300","CATARINA","Área Urbana de Baixa Densidade de Edificações","CATARINA (Sede Municipal)","SI CATARINA","BAJ","-6.1359958374","-39.8755314886","-6.1359958374, -39.8755314886","","","","","","","","",""
"157","2303600","CATARINA","230360005","CATARINA","23036000500000600","SÃO GONÇALO","Área Rural (exclusive aglomerados)","CATARINA – CATARINA – SÃO GONÇALO (Localidade)","SI CATARINA","BAJ","-6.2635164926","-39.927482503","-6.2635164926, -39.927482503","","","","","","","","",""
"158","2303659","CATUNDA","230365905","CATUNDA","23036590500000400","CATUNDA","Área Urbana de Alta Densidade de Edificações","CATUNDA  (Sede Municipal)","CATUNDA","BSC","-4.661404177","-40.199132854","-4.661404177, -40.199132854","","","","","","","","",""
"159","2303808","CEDRO","230380805","CEDRO","23038080599999900","CEDRO","Área Rural (exclusive aglomerados)","CEDRO  (Sede Municipal)","CEDRO (AÇUDE UBALDINHO)","BSA","-6.584681133","-39.2406866977","-6.584681133, -39.2406866977","","","","","","","","",""
"160","2303808","CEDRO","230380810","VÁRZEA DA CONCEIÇÃO","23038081099999900","VÁRZEA DA CONCEIÇÃO","Área Rural (exclusive aglomerados)","CEDRO – VÁRZEA DA CONCEIÇÃO (Sede Distrital)","CEDRO (AÇUDE UBALDINHO)","BSA","-6.584681133","-39.2406866977","-6.584681133, -39.2406866977","","","","","","","","",""
"161","2303907","CHAVAL","230390705","CHAVAL","23039070500000400","CHAVAL","Área Urbana de Alta Densidade de Edificações","CHAVAL (Sede Municipal)","SIAA CHAVAL/BARROQUINHA","BSI","-3.0353083924","-41.2433778011","-3.0353083924, -41.2433778011","","","","","","","","",""
"162","2303907","CHAVAL","230390710","PASSAGEM","23039071000000100","PASSAGEM","Área Urbana de Alta Densidade de Edificações","CHAVAL – PASSAGEM  (Sede Distrital)","SIAA CHAVAL/BARROQUINHA","BSI","-3.1313861377","-41.1741886223","-3.1313861377, -41.1741886223","","","","","","","","",""
"163","2303931","CHORÓ","230393105","CHORÓ","23039310500001100","CHORÓ","Área Urbana de Alta Densidade de Edificações","CHORÓ (Sede Municipal)","CHORÓ","BBA","-4.8427725605","-39.1418543622","-4.8427725605, -39.1418543622","","","","","","","","",""
"164","2304103","CRATEÚS","230410305","CRATEÚS","23041030500008000","CRATEÚS","Área Urbana de Alta Densidade de Edificações","CRATEÚS  (Sede Municipal)","CRATEÚS","BSC","-5.1852212312","-40.6758993437","-5.1852212312, -40.6758993437","","","","","","","","",""
"165","2304236","CROATÁ","230423605","CROATÁ","23042360500001100","CROATÁ","Área Urbana de Alta Densidade de Edificações","CROATÁ  (Sede Municipal)","SAA CROATÁ","BSI","-4.4164080646","-40.9072781426","-4.4164080646, -40.9072781426","","","","","","","","",""
"166","2304301","FARIAS BRITO","230430110","CARIUTABA","23043011000000300","CARIUTABA","Área Rural (exclusive aglomerados)","FARIAS BRITO – CARIUTABA (Sede Distrital)","CARIUTABA (POÇOS)","BSA","-6.8437157069","-39.525790451","-6.8437157069, -39.525790451","","","","","","","","",""
"167","2304301","FARIAS BRITO","230430105","FARIAS BRITO","23043010500000400","FARIAS BRITO","Área Urbana de Alta Densidade de Edificações","FARIAS BRITO  (Sede Municipal)","FARIAS BRITO ( POÇOS)","BSA","-6.9249483632","-39.5751407034","-6.9249483632, -39.5751407034","","","","","","","","",""
"168","2304459","FORTIM","230445910","BARRA","23044591000000100","BARRA","Área Urbana de Alta Densidade de Edificações","FORTIM – BARRA (Sede Distrital)","FORTIM","BBJ","-4.4292431943","-37.7778921663","-4.4292431943, -37.7778921663","","","","","","","","",""
"169","2304459","FORTIM","230445915","CAMPESTRE","23044591500000100","CAMPESTRE","Área Urbana de Alta Densidade de Edificações","FORTIM – CAMPESTRE (Sede Distrital)","FORTIM","BBJ","-4.4317103031","-37.8649515336","-4.4317103031, -37.8649515336","","","","","","","","",""
"170","2304459","FORTIM","230445905","FORTIM","23044590500001800","FORTIM","Área Urbana de Baixa Densidade de Edificações","FORTIM (Sede Municipal)","FORTIM","BBJ","-4.4508392402","-37.798843091","-4.4508392402, -37.798843091","","","","","","","","",""
"171","2304459","FORTIM","230445925","MACEIÓ","23044592500000100","MACEIÓ","Área Urbana de Baixa Densidade de Edificações","FORTIM – MACEIÓ (Sede Distrital)","FORTIM","BBJ","-4.4073319346","-37.7816077618","-4.4073319346, -37.7816077618","","","","","","","","",""
"172","2304459","FORTIM","230445930","VIÇOSA","23044593000000800","JARDIM","Lugarejo","FORTIM – VIÇOSA – JARDIM (Localidade)","ARACATI","BBJ","-4.4973140323","-37.7896019867","-4.4973140323, -37.7896019867","","","","","","","","",""
"173","2304459","FORTIM","230445930","VIÇOSA","23044590500001600","VIÇOSA","Área Urbana de Alta Densidade de Edificações","FORTIM – VIÇOSA (Sede Distrital)","FORTIM","BBJ","-4.4679955127","-37.796160563","-4.4679955127, -37.796160563","","","","","","","","",""
"174","2304657","GRAÇA","230465705","GRAÇA","23046570500000700","GRAÇA","Área Urbana de Alta Densidade de Edificações","GRAÇA (Sede Municipal)","SAA GRAÇA","BSI","-4.0467078271","-40.7526274425","-4.0467078271, -40.7526274425","","","","","","","","",""
"175","2304657","GRAÇA","230465720","LAPA","23046572000000500","LAPA","Área Urbana de Alta Densidade de Edificações","GRAÇA – LAPA (Sede Distrital)","SSA GRAÇA","BSI","-4.0858858644","-40.8237184671","-4.0858858644, -40.8237184671","","","","","","","","",""
"176","2305001","GUARACIABA DO NORTE","230500105","GUARACIABA DO NORTE","23050010500002400","GUARACIABA DO NORTE","Área Urbana de Alta Densidade de Edificações","GUARACIABA DO NORTE  (Sede Municipal)","SI COMPLEXO JABURU","BSI","-4.1632419764","-40.7504167695","-4.1632419764, -40.7504167695","","","","","","","","",""
"177","2305001","GUARACIABA DO NORTE","230500130","SUSSUANHA","23050012500000200","SUSSUANHA","Área Rural (exclusive aglomerados)","GUARACIABA DO NORTE – SUSSUANHA (Sede Distrital)","SI COMPLEXO JABURU","BSI","-4.17573758","-40.845816901","-4.17573758, -40.845816901","","","","","","","","",""
"178","2305266","IBARETAMA","230526605","IBARETAMA","23052660500000200","IBARETAMA","Área Urbana de Alta Densidade de Edificações","IBARETAMA  (Sede Municipal)","IBARETAMA","BBA","-4.8195647411","-38.8212441556","-4.8195647411, -38.8212441556","","","","","","","","",""
"179","2305308","IBIAPINA","230530808","BETÂNIA","23053080800000100","BETÂNIA","Área Urbana de Alta Densidade de Edificações","IBIAPINA – BETÂNIA (Sede Distrital)","SI COMPLEXO JABURU","BSI","-3.9214598135","-40.9462789348","-3.9214598135, -40.9462789348","","","","","","","","",""
"180","2305308","IBIAPINA","230530805","IBIAPINA","23053080599999900","IBIAPINA","Área Urbana de Baixa Densidade de Edificações","IBIAPINA  (Sede Municipal)","SI COMPLEXO JABURU","BSI","-3.9209619461","-40.8893608153","-3.9209619461, -40.8893608153","","","","","","","","",""
"181","2305308","IBIAPINA","230530805","IBIAPINA","23053080599999901","JANEIRO","Área Rural (exclusive aglomerados)","IBIAPINA – IBIAPINA – JANEIRO (Localidade)","SI COMPLEXO JABURU","BSI","-3.9518888841","-40.8956389254","-3.9518888841, -40.8956389254","","","","","","","","",""
"182","2305308","IBIAPINA","230530805","IBIAPINA","23053080599999902","PITUBA","Área Rural (exclusive aglomerados)","IBIAPINA – IBIAPINA – PITUBA (Localidade)","SI COMPLEXO JABURU","BSI","-3.9652222025","-40.8841666678","-3.9652222025, -40.8841666678","","","","","","","","",""
"183","2305332","IBICUITINGA","230533210","AÇUDE DOS PINHEIROS","23053321000000100","AÇUDE DOS PINHEIROS","Área Urbana de Alta Densidade de Edificações","IBICUITINGA – AÇUDE DOS PINHEIROS (Sede Distrital)","SI IBICUITINGA","BBA","-4.9420460162","-38.6202005988","-4.9420460162, -38.6202005988","","","","","","","","",""
"184","2305332","IBICUITINGA","230533215","CANINDEZINHO","23053321500000800","ANTÔNIO PEREIRA","Povoado","IBICUITINGA – CANINDEZINHO – ANTÔNIO PEREIRA (Localidade)","SI IBICUITINGA","BBA","-5.0100279102","-38.5109839669","-5.0100279102, -38.5109839669","","","","","","","","",""
"185","2305332","IBICUITINGA","230533215","CANINDEZINHO","23053321500000100","CANINDEZINHO","Área Urbana de Alta Densidade de Edificações","IBICUITINGA – CANINDEZINHO (Sede Distrital)","SI IBICUITINGA","BBA","-4.9629003275","-38.5270398361","-4.9629003275, -38.5270398361","","","","","","","","",""
"186","2305332","IBICUITINGA","230533205","IBICUITINGA","23053320500000600","IBICUITINGA","Área Urbana de Alta Densidade de Edificações","IBICUITINGA (Sede Municipal)","SI IBICUITINGA","BBA","-4.9761943308","-38.6378723969","-4.9761943308, -38.6378723969","","","","","","","","",""
"187","2305332","IBICUITINGA","230533230","VIÇOSA","23053323000000300","CURRAIS","Área Rural (exclusive aglomerados)","IBICUITINGA – VIÇOSA – CURRAIS (Localidade)","SI IBICUITINGA","BBA","-5.0031247","-38.563244599","-5.0031247, -38.563244599","","","","","","","","",""
"188","2305332","IBICUITINGA","230533230","VIÇOSA","23053323000000100","VIÇOSA","Área Urbana de Alta Densidade de Edificações","IBICUITINGA – VIÇOSA (Sede Distrital)","SI IBICUITINGA","BBA","-4.9757133829","-38.5712087565","-4.9757133829, -38.5712087565","","","","","","","","",""
"189","2305605","INDEPENDÊNCIA","230560505","INDEPENDÊNCIA","23056050500004100","INDEPENDÊNCIA","Área Urbana de Alta Densidade de Edificações","INDEPENDÊNCIA (Sede Municipal)","INDEPENDÊNCIA","BSC","-5.3819289795","-40.3008484535","-5.3819289795, -40.3008484535","","","","","","","","",""
"190","2305704","IPAUMIRIM","230570410","FELIZARDO","23057041000000100","FELIZARDO","Área Urbana de Baixa Densidade de Edificações","IPAUMIRIM – FELIZARDO (Sede Distrital)","FELIZARDO (POÇO)","BSA","-6.8475319051","-38.7367046408","-6.8475319051, -38.7367046408","","","","","","","","",""
"191","2306009","IRACEMA","230600915","EMA","23060091500000100","EMA","Área Urbana de Alta Densidade de Edificações","IRACEMA – EMA (Sede Distrital)","EMA","BBJ","-5.7768842093","-38.3455980239","-5.7768842093, -38.3455980239","","","","","","","","",""
"192","2306009","IRACEMA","230600905","IRACEMA","23060090500002600","IRACEMA","Área Urbana de Alta Densidade de Edificações","IRACEMA  (Sede Municipal)","IRACEMA","BBJ","-5.8122150161","-38.3054930434","-5.8122150161, -38.3054930434","","","","","","","","",""
"193","2306207","ITAIÇABA","230620705","ITAIÇABA","23062070500003000","ITAIÇABA","Área Urbana de Alta Densidade de Edificações","ITAIÇABA – ITAIÇABA (Sede Distrital)","ITAIÇABA","BBJ","-4.6781610298","-37.8224043644","-4.6781610298, -37.8224043644","","","","","","","","",""
"194","2306207","ITAIÇABA","230620705","ITAIÇABA","23062070500001800","TOMÉ AFONSO","Povoado","ITAIÇABA – ITAIÇABA – TOMÉ AFONSO (Localidade)","TOMÉ AFONSO","BBJ","-4.7412765169","-37.905307501","-4.7412765169, -37.905307501","","","","","","","","",""
"195","2306504","ITAPIÚNA","230650410","CAIO PRADO","23065041000000700","BARRA NOVA","Lugarejo","ITAPIÚNA – CAIO PRADO – BARRA NOVA (Localidade)","SI ITAPIÚNA","BBA","-4.6073988099","-38.9207421245","-4.6073988099, -38.9207421245","","","","","","","","",""
"196","2306504","ITAPIÚNA","230650410","CAIO PRADO","23065041000000500","BICO DA ARARA","Área Rural (exclusive aglomerados)","ITAPIÚNA – CAIO PRADO – BICO DA ARARA (Localidade)","SI ITAPIÚNA","BBA","-4.6291912293","-38.9271574424","-4.6291912293, -38.9271574424","","","","","","","","",""
"197","2306504","ITAPIÚNA","230650410","CAIO PRADO","23065041000000600","CAIO PRADO","Área Urbana de Alta Densidade de Edificações","ITAPIÚNA – CAIO PRADO (Sede Distrital)","SI ITAPIÚNA","BBA","-4.6547503904","-38.9431977613","-4.6547503904, -38.9431977613","","","","","","","","",""
"198","2306504","ITAPIÚNA","230650415","ITANS","23065041500000100","ITANS","Área Urbana de Alta Densidade de Edificações","ITAPIÚNA – ITANS (Sede Distrital)","SI ITAPIÚNA","BBA","-4.6091539553","-38.8763333195","-4.6091539553, -38.8763333195","","","","","","","","",""
"199","2306504","ITAPIÚNA","230650405","ITAPIÚNA","23065040500001300","ITAPIÚNA","Área Urbana de Alta Densidade de Edificações","ITAPIÚNA (Sede Municipal)","SI ITAPIÚNA","BBA","-4.5689883413","-38.9209293685","-4.5689883413, -38.9209293685","","","","","","","","",""
"200","2306504","ITAPIÚNA","230650420","PALMATÓRIA","23065042000000100","PALMATÓRIA","Área Urbana de Alta Densidade de Edificações","ITAPIÚNA – PALMATÓRIA (Sede Distrital)","SI ITAPIÚNA","BBA","-4.5234475809","-39.0051537597","-4.5234475809, -39.0051537597","","","","","","","","",""
"201","2306603","ITATIRA","230660305","ITATIRA","23066030500000100","ITATIRA","Área Urbana de Alta Densidade de Edificações","ITATIRA  (Sede Municipal)","ITATIRA","BBA","-4.5300156219","-39.6193571269","-4.5300156219, -39.6193571269","","","","","","","","",""
"202","2306603","ITATIRA","230660305","ITATIRA","23066031500000300","LAGOA DO MATO","Área Rural (exclusive aglomerados)","ITATIRA – ITATIRA – LAGOA DO MATO (Localidade)","LAGOA DO MATO","BBA","-4.6589010517","-39.6789431022","-4.6589010517, -39.6789431022","","","","","","","","",""
"203","2306702","JAGUARETAMA","230670205","JAGUARETAMA","23067020500002700","JAGUARETAMA","Área Urbana de Alta Densidade de Edificações","JAGUARETAMA (Sede Municipal)","JAGUARETAMA","BBA","-5.6104350184","-38.7646473396","-5.6104350184, -38.7646473396","","","","","","","","",""
"204","2306801","JAGUARIBARA","230680105","JAGUARIBARA","23068010500000100","JAGUARIBARA","Área Urbana de Alta Densidade de Edificações","JAGUARIBARA (Sede Municipal)","JAGUARIBARA","BBJ","-5.4602304732","-38.4624555905","-5.4602304732, -38.4624555905","","","","","","","","",""
"205","2307007","JAGUARUANA","230700705","JAGUARUANA","23070070500000500","JAGUARUANA","Área Urbana de Alta Densidade de Edificações","JAGUARUANA(Sede Municipal)","JAGUARUANA","BBJ","-4.8355905283","-37.7810421612","-4.8355905283, -37.7810421612","","","","","","","","",""
"206","2307007","JAGUARUANA","230700725","SAQUINHO","23070072500000100","SAQUINHO","Área Urbana de Alta Densidade de Edificações","JAGUARUANA – SAQUINHO (Sede Distrital)","JAGUARUANA","BBJ","-4.8181349983","-37.7568093612","-4.8181349983, -37.7568093612","","","","","","","","",""
"207","2307205","JATI","230720505","JATI","23072051000000300","JATI","Área Rural (exclusive aglomerados)","JATI (Sede Municipal)","JATI ( POÇOS)","BSA","-7.7245261111","-39.0100660281","-7.7245261111, -39.0100660281","","","","","","","","",""
"208","2307304","JUAZEIRO DO NORTE","230730405","JUAZEIRO DO NORTE","23073040500013700","JUAZEIRO DO NORTE","Área Urbana de Alta Densidade de Edificações","JUAZEIRO DO NORTE  (Sede Municipal)","JUAZEIRO DO NORTE ( POÇOS)","BSA","-7.2293742516","-39.3208608178","-7.2293742516, -39.3208608178","","","","","","","","",""
"209","2307502","LAVRAS DA MANGABEIRA","230750210","AMANIUTUBA","23075021000000600","AMANIUTUBA","Área Rural (exclusive aglomerados)","LAVRAS DA MANGABEIRA – AMANIUTUBA (Sede Distrital)","AMANIUTUBA (RIO SALGADO)","BSA","-6.6743067677","-38.9638003212","-6.6743067677, -38.9638003212","","","","","","","","",""
"210","2307502","LAVRAS DA MANGABEIRA","230750205","LAVRAS DA MANGABEIRA","23075020599999900","LAVRAS DA MANGABEIRA","Área Rural (exclusive aglomerados)","LAVRAS DA MANGABEIRA (Sede Municipal)","QUITAIUS ( AÇUDE ROSÁRIO)","BSA","-6.8896482726","-39.0829980526","-6.8896482726, -39.0829980526","","","","","","","","",""
"211","2307502","LAVRAS DA MANGABEIRA","230750225","MANGABEIRA","23075022500000900","MANGABEIRA","Área Rural (exclusive aglomerados)","LAVRAS DA MANGABEIRA – MANGABEIRA (Sede Distrital)","MANGABEIRA ( POÇOS)","BSA","-6.7896777994","-39.0923166472","-6.7896777994, -39.0923166472","","","","","","","","",""
"212","2307502","LAVRAS DA MANGABEIRA","230750230","QUITAIÚS","23075023000001400","QUITAIÚS","Área Rural (exclusive aglomerados)","LAVRAS DA MANGABEIRA – QUITAIÚS (Sede Distrital)","QUITAIUS ( AÇUDE ROSÁRIO)","BSA","-6.8896482726","-39.0829980526","-6.8896482726, -39.0829980526","","","","","","","","",""
"213","2308104","MAURITI","230810405","MAURITI","23081040500001800","MAURITI","Área Rural (exclusive aglomerados)","MAURITI (Sede Municipal)","MAURITI (POÇOS)","BSA","-7.3907468315","-38.7850726064","-7.3907468315, -38.7850726064","","","","","","","","",""
"214","2308104","MAURITI","230810427","PALESTINA DO CARIRI","23081042700000300","PALESTINA DO CARIRI","Área Rural (exclusive aglomerados)","MAURITI – PALESTINA DO CARIRI (Sede Distrital)","PALESTINA DO CARIRI ( POÇOS)","BSA","-7.4897225295","-38.7736199241","-7.4897225295, -38.7736199241","","","","","","","","",""
"215","2308302","MILAGRES","230830205","MILAGRES","23083020500003200","MILAGRES","Área Urbana de Alta Densidade de Edificações","MILAGRES  (Sede Municipal)","MILAGRES ( POÇOS)","BSA","-7.3149544534","-38.9390470695","-7.3149544534, -38.9390470695","","","","","","","","",""
"216","2308302","MILAGRES","230830210","ROSÁRIO","23083021000000100","ROSÁRIO","Área Urbana de Alta Densidade de Edificações","MILAGRES – ROSÁRIO (Sede Distrital)","ROSÁRIO ( POÇOS)","BSA","-7.2992731094","-38.9826354","-7.2992731094, -38.9826354","","","","","","","","",""
"217","2308401","MISSÃO VELHA","230840105","MISSÃO VELHA","23084010500007500","MISSÃO VELHA","Área Urbana de Baixa Densidade de Edificações","MISSÃO VELHA (Sede Municipal)","MISSÃO VELHA ( POÇOS)","BSA","-7.2534052022","-39.1460817916","-7.2534052022, -39.1460817916","","","","","","","","",""
"218","2308500","MOMBAÇA","230850005","MOMBAÇA","23085000500003800","MOMBAÇA","Área Rural (exclusive aglomerados)","MOMBAÇA (Sede Municipal)","MOMBAÇA","BBA","-5.7385798308","-39.6344480007","-5.7385798308, -39.6344480007","","","","","","","","",""
"219","2308609","MONSENHOR TABOSA","230860905","MONSENHOR TABOSA","23086090500000500","MONSENHOR TABOSA","Área Urbana de Alta Densidade de Edificações","MONSENHOR TABOSA  (Sede Municipal)","MONSENHOR TABOSA","BSC","-4.7929845001","-40.0637714411","-4.7929845001, -40.0637714411","","","","","","","","",""
"220","2309003","MUCAMBO","230900305","MUCAMBO","23090030599999900","CAIÇARA","Área Rural (exclusive aglomerados)","MUCAMBO – MUCAMBO – CAIÇARA (Localidade)","SAA MUCAMBO","BSI","-3.9018055653","-40.8555832908","-3.9018055653, -40.8555832908","","","","","","","","",""
"221","2309003","MUCAMBO","230900305","MUCAMBO","23090030500000900","CHAPADA","Área Rural (exclusive aglomerados)","MUCAMBO – MUCAMBO – CHAPADA (Localidade)","SAA MUCAMBO","BSI","-3.9092348434","-40.7779536287","-3.9092348434, -40.7779536287","","","","","","","","",""
"222","2309003","MUCAMBO","230900305","MUCAMBO","23090030500000100","MUCAMBO","Área Urbana de Alta Densidade de Edificações","MUCAMBO  (Sede Municipal)","SAA MUCAMBO","BSI","-3.9055695678","-40.7451021212","-3.9055695678, -40.7451021212","","","","","","","","",""
"223","2309201","NOVA OLINDA","230920130","TRIUNFO","23092013000000100","TRIUNFO","Área Urbana de Alta Densidade de Edificações","NOVA OLINDA – TRIUNFO (Sede Distrital)","TRIUNFO (POÇO)","BSA","-7.0946728411","-39.7295833033","-7.0946728411, -39.7295833033","","","","","","","","",""
"224","2309409","NOVO ORIENTE","230940905","NOVO ORIENTE","23094090500004300","NOVO ORIENTE","Área Urbana de Baixa Densidade de Edificações","NOVO ORIENTE  (Sede Municipal)","NOVO ORIENTE","BBJ","-5.5466140158","-40.7734243857","-5.5466140158, -40.7734243857","","","","","","","","",""
"225","2309458","OCARA","230945805","OCARA","23094580500000200","OCARA","Área Urbana de Alta Densidade de Edificações","OCARA  (Sede Municipal)","SI OCARA","BBA","-4.4909419207","-38.5951131078","-4.4909419207, -38.5951131078","","","","","","","","",""
"226","2309458","OCARA","230945830","SERENO DE CIMA","23094580500000400","SERENO DE CIMA","Povoado","OCARA – SERENO DE CIMA (Sede Distrital)","SI OCARA","BBA","-4.5082149008","-38.6114891048","-4.5082149008, -38.6114891048","","","","","","","","",""
"227","2309508","ORÓS","230950810","GUASSUSSÊ","23095081000000500","GUASSUSSÊ","Área Urbana de Baixa Densidade de Edificações","ORÓS – GUASSUSSÊ (Sede Distrital)","GUASSUSSÊ","BAJ","-6.3360994616","-38.9816907385","-6.3360994616, -38.9816907385","","","","","","","","",""
"228","2309508","ORÓS","230950805","ORÓS","23095080500001900","ORÓS","Área Urbana de Alta Densidade de Edificações","ORÓS  (Sede Municipal)","ORÓS","BAJ","-6.2403660672","-38.9167601028","-6.2403660672, -38.9167601028","","","","","","","","",""
"229","2309508","ORÓS","230950820","PALESTINA","23095082000000700","PALESTINA","Área Urbana de Baixa Densidade de Edificações","ORÓS – PALESTINA (Sede Distrital)","PALESTINA","BAJ","-6.3339007064","-39.0297015644","-6.3339007064, -39.0297015644","","","","","","","","",""
"230","2309904","PACUJÁ","230990405","PACUJÁ","23099040500000200","PACUJÁ","Área Urbana de Alta Densidade de Edificações","PACUJÁ  (Sede Municipal)","SAA PACUJÁ","BSI","-3.9807588632","-40.6965472434","-3.9807588632, -40.6965472434","","","","","","","","",""
"231","2310001","PALHANO","231000105","PALHANO","23100010500000800","PALHANO","Área Urbana de Alta Densidade de Edificações","PALHANO (Sede Municipal)","PALHANO","BBJ","-4.7467764517","-37.9611856266","-4.7467764517, -37.9611856266","","","","","","","","",""
"232","2310308","PARAMBU","231030805","PARAMBU","23103080500000900","PARAMBU","Área Urbana de Alta Densidade de Edificações","PARAMBU  (Sede Municipal)","SI PARAMBU","BAJ","-6.2171013901","-40.7034389656","-6.2171013901, -40.7034389656","","","","","","","","",""
"233","2310308","PARAMBU","231030805","PARAMBU","23103080500001900","SANTA RITA","Área Urbana de Alta Densidade de Edificações","PARAMBU – PARAMBU – SANTA RITA (Localidade)","SI PARAMBU","BAJ","-6.2150102016","-40.6759005828","-6.2150102016, -40.6759005828","","","","","","","","",""
"234","2310605","PENAFORTE","231060505","PENAFORTE","23106050500000500","PENAFORTE","Área Rural (exclusive aglomerados)","PENAFORTE  (Sede Municipal)","PENAFORTE (POÇOS)","BSA","-7.7641609434","-39.0536632853","-7.7641609434, -39.0536632853","","","","","","","","",""
"235","2310803","PEREIRO","231080310","CRIOULOS","23108031000000600","CRIOULOS","Área Rural (exclusive aglomerados)","PEREIRO – CRIOULOS (Sede Distrital)","CRIOULOS","BBJ","-6.17891493","-38.5372558151","-6.17891493, -38.5372558151","","","","","","","","",""
"236","2310803","PEREIRO","231080305","PEREIRO","23108030500000200","PEREIRO","Área Urbana de Alta Densidade de Edificações","PEREIRO  (Sede Municipal)","PEREIRO","BBJ","-6.046984285","-38.4612966092","-6.046984285, -38.4612966092","","","","","","","","",""
"237","2310902","PIQUET CARNEIRO","231090205","PIQUET CARNEIRO","23109020500000100","PIQUET CARNEIRO","Área Urbana de Alta Densidade de Edificações","PIQUET CARNEIRO  (Sede Municipal)","PIQUET CARNEIRO","BBA","-5.8091788332","-39.419111376","-5.8091788332, -39.419111376","","","","","","","","",""
"238","2310951","PIRES FERREIRA","231095120","OTAVILÂNDIA","23109512000000200","OTAVILÂNDIA","Área Rural (exclusive aglomerados)","PIRES FERREIRA – OTAVILÂNDIA (Sede Distrital)","SIAA MARRUÁS/P.FERR/STO.IZIDRO/OTAV","BSI","-4.2548071886","-40.5635680651","-4.2548071886, -40.5635680651","","","","","","","","",""
"239","2310951","PIRES FERREIRA","231095105","PIRES FERREIRA","23109510500000200","PIRES FERREIRA","Área Urbana de Alta Densidade de Edificações","PIRES FERREIRA  (Sede Municipal)","SIAA MARRUÁS/P.FERR/STO.IZIDRO/OTAV","BSI","-4.2448956435","-40.6446144734","-4.2448956435, -40.6446144734","","","","","","","","",""
"240","2310951","PIRES FERREIRA","231095110","SANTO IZIDRO","23109511000000500","MARRUÁS DOS ROSAS","Povoado","PIRES FERREIRA – SANTO IZIDRO – MARRUÁS DOS ROSAS (Localidade)","SIAA MARRUÁS/P.FERR/STO.IZIDRO/OTAV","BSI","-4.3052225995","-40.5453232434","-4.3052225995, -40.5453232434","","","","","","","","",""
"241","2310951","PIRES FERREIRA","231095110","SANTO IZIDRO","23109511000000200","SANTO IZIDRO","Área Rural (exclusive aglomerados)","PIRES FERREIRA – SANTO IZIDRO (Sede Distrital)","SIAA MARRUÁS/P.FERR/STO.IZIDRO/OTAV","BSI","-4.2753601797","-40.5023321961","-4.2753601797, -40.5023321961","","","","","","","","",""
"242","2311009","PORANGA","231100905","PORANGA","23110090500000300","PORANGA","Área Urbana de Baixa Densidade de Edificações","PORANGA  (Sede Municipal)","PORANGA","BSC","-4.7476821322","-40.9225877189","-4.7476821322, -40.9225877189","","","","","","","","",""
"243","2311108","PORTEIRAS","231110805","PORTEIRAS","23111080500002800","PORTEIRAS","Área Urbana de Baixa Densidade de Edificações","PORTEIRAS  (Sede Municipal)","PORTEIRAS (POÇOS)","BSA","-7.5320709752","-39.1211733715","-7.5320709752, -39.1211733715","","","","","","","","",""
"244","2311207","POTENGI","231120705","POTENGI","23112070500002000","POTENGI","Área Rural (exclusive aglomerados)","POTENGI (Sede Municipal)","POTENGI","BAJ","-7.0827269515","-40.0831562289","-7.0827269515, -40.0831562289","","","","","","","","",""
"245","2311264","QUITERIANÓPOLIS","231126405","QUITERIANÓPOLIS","23112640500003000","QUITERIANÓPOLIS","Área Urbana de Baixa Densidade de Edificações","QUITERIANÓPOLIS  (Sede Municipal)","QUITERIANÓPOLIS","BSC","-5.8432030036","-40.706769164","-5.8432030036, -40.706769164","","","","","","","","",""
"246","2311306","QUIXADÁ","231130650","JUATAMA","23113065000000100","JUATAMA","Área Urbana de Alta Densidade de Edificações","QUIXADÁ – JUATAMA (Sede Distrital)","JUATAMA","BBA","-5.0844730615","-39.0441988316","-5.0844730615, -39.0441988316","","","","","","","","",""
"247","2311306","QUIXADÁ","231130605","QUIXADÁ","23113060500010300","QUIXADÁ","Área Urbana de Alta Densidade de Edificações","QUIXADÁ  (Sede Municipal)","QUIXADA","BBA","-4.9608067983","-39.026194985","-4.9608067983, -39.026194985","","","","","","","","",""
"248","2311306","QUIXADÁ","231130665","TAPUIARÁ","23113066500000100","TAPUIARÁ","Área Urbana de Alta Densidade de Edificações","QUIXADÁ – TAPUIARÁ (Sede Distrital)","TAPUIARÁ","BBA","-5.0767687527","-38.9120474703","-5.0767687527, -38.9120474703","","","","","","","","",""
"249","2311702","RERIUTABA","231170205","RERIUTABA","23117020500000500","RERIUTABA","Área Urbana de Alta Densidade de Edificações","RERIUTABA (Sede Municipal)","RSAA ERIUTABA","BSI","-4.1431445214","-40.5815633126","-4.1431445214, -40.5815633126","","","","","","","","",""
"250","2311801","RUSSAS","231180110","BONHU","23118011000000100","BONHU","Área Urbana de Alta Densidade de Edificações","RUSSAS – BONHU (Sede Distrital)","BONHU","BBJ","-4.8555832738","-38.1618299761","-4.8555832738, -38.1618299761","","","","","","","","",""
"251","2311801","RUSSAS","231180115","FLORES","23118011500001100","FLORES","Área Urbana de Alta Densidade de Edificações","RUSSAS – FLORES (Sede Distrital)","FLORES","BBJ","-5.0629254947","-38.0650444554","-5.0629254947, -38.0650444554","","","","","","","","",""
"252","2311801","RUSSAS","231180115","FLORES","23118011500001600","JARDIM DE SÃO JOSÉ","Povoado","RUSSAS – FLORES – JARDIM DE SÃO JOSÉ (Localidade)","JARDIM DE SÃO JOSÉ","BBJ","-5.0156064368","-38.0476737538","-5.0156064368, -38.0476737538","","","","","","","","",""
"253","2311801","RUSSAS","231180105","RUSSAS","23118010500005100","RUSSAS","Área Urbana de Alta Densidade de Edificações","RUSSAS  (Sede Municipal)","RUSSAS","BBJ","-4.9394620705","-37.9736191482","-4.9394620705, -37.9736191482","","","","","","","","",""
"254","2311801","RUSSAS","231180120","SÃO JOÃO DE DEUS","23118012000000100","SÃO JOÃO DE DEUS","Área Urbana de Baixa Densidade de Edificações","RUSSAS – SÃO JOÃO DE DEUS (Sede Distrital)","SÃO JOÃO DE DEUS","BBJ","-5.0006786765","-38.0076890628","-5.0006786765, -38.0076890628","","","","","","","","",""
"255","2311900","SABOEIRO","231190005","SABOEIRO","23119000500001400","SABOEIRO","Área Urbana de Alta Densidade de Edificações","SABOEIRO  (Sede Municipal)","SABOEIRO","BAJ","-6.5400438782","-39.9051740505","-6.5400438782, -39.9051740505","","","","","","","","",""
"256","2311959","SALITRE","231195905","SALITRE","23119590500000500","SALITRE","Área Urbana de Alta Densidade de Edificações","SALITRE (Sede Municipal)","SALITRE","BAJ","-7.2876728002","-40.4566185506","-7.2876728002, -40.4566185506","","","","","","","","",""
"257","2312106","SANTANA DO CARIRI","231210620","BREJO GRANDE","23121062000000200","BREJO GRANDE","Área Rural (exclusive aglomerados)","SANTANA DO CARIRI – BREJO GRANDE (Sede Distrital)","BREJO GRANDE (FONTE)","BSA","-7.2581711343","-39.7582103397","-7.2581711343, -39.7582103397","","","","","","","","",""
"258","2312106","SANTANA DO CARIRI","231210605","SANTANA DO CARIRI","23121060599999900","SANTANA DO CARIRI","Área Rural (exclusive aglomerados)","SANTANA DO CARIRI  (Sede Municipal)","SANTANA DO CARIRI (FONTE)","BSA","-7.219366215","-39.685200836","-7.219366215, -39.685200836","","","","","","","","",""
"259","2312106","SANTANA DO CARIRI","231210605","SANTANA DO CARIRI","23121060599999901","SÍTIO MORORÓ","Área Rural (exclusive aglomerados)","SANTANA DO CARIRI – SANTANA DO CARIRI – SÍTIO MORORÓ (Localidade)","BREJO GRANDE ( PT PIONEIRO)","BSA","-7.2442001649","-39.7598952714","-7.2442001649, -39.7598952714","","","","","","","","",""
"260","2312700","SENADOR POMPEU","231270005","SENADOR POMPEU","23127000500000800","SENADOR POMPEU","Área Urbana de Alta Densidade de Edificações","SENADOR POMPEU  (Sede Municipal)","SENADOR POMPEU","BBA","-5.5923480832","-39.3804806975","-5.5923480832, -39.3804806975","","","","","","","","",""
"261","2312304","SÃO BENEDITO","231230415","INHUÇU","23123041500000100","INHUÇU","Área Urbana de Alta Densidade de Edificações","SÃO BENEDITO – INHUÇU (Sede Distrital)","SI COMPLEXO JABURU","BSI","-4.1117121268","-40.8709284249","-4.1117121268, -40.8709284249","","","","","","","","",""
"262","2312304","SÃO BENEDITO","231230405","SÃO BENEDITO","23123040500000200","SÃO BENEDITO","Área Urbana de Alta Densidade de Edificações","SÃO BENEDITO  (Sede Municipal)","SI COMPLEXO JABURU","BSI","-4.0449071223","-40.8651372024","-4.0449071223, -40.8651372024","","","","","","","","",""
"263","2313104","TABULEIRO DO NORTE","231310405","TABULEIRO DO NORTE","23131040500005100","TABULEIRO DO NORTE","Área Urbana de Alta Densidade de Edificações","TABULEIRO DO NORTE  (Sede Municipal)","TABULEIRO DO NORTE","BBJ","-5.2451675257","-38.131385135","-5.2451675257, -38.131385135","","","","","","","","",""
"264","2313203","TAMBORIL","231320335","SUCESSO","23132033500000500","SUCESSO","Área Rural (exclusive aglomerados)","TAMBORIL – SUCESSO (Sede Distrital)","SUCESSO","BSC","-4.9518026609","-40.5261074839","-4.9518026609, -40.5261074839","","","","","","","","",""
"265","2313203","TAMBORIL","231320305","TAMBORIL","23132030500001300","TAMBORIL","Área Rural (exclusive aglomerados)","TAMBORIL  (Sede Municipal)","TAMBORIL","BSC","-4.8209097265","-40.3625587993","-4.8209097265, -40.3625587993","","","","","","","","",""
"266","2313252","TARRAFAS","231325205","TARRAFAS","23132520500001500","TARRAFAS","Área Urbana de Alta Densidade de Edificações","TARRAFAS  (Sede Municipal)","TARRAFAS","BAJ","-6.6853961127","-39.7565606943","-6.6853961127, -39.7565606943","","","","","","","","",""
"267","2313302","TAUÁ","231330205","TAUÁ","23133020500007000","TAUÁ","Área Urbana de Alta Densidade de Edificações","TAUÁ  (Sede Municipal)","TAUÁ","BAJ","-5.9916982469","-40.2912591951","-5.9916982469, -40.2912591951","","","","","","","","",""
"268","2313401","TIANGUÁ","231340115","CARUATAÍ","23134011500000100","CARUATAÍ","Área Urbana de Alta Densidade de Edificações","TIANGUÁ – CARUATAÍ (Sede Distrital)","SI COMPLEXO JABURU","BSI","-3.8363384836","-40.9713934045","-3.8363384836, -40.9713934045","","","","","","","","",""
"269","2313401","TIANGUÁ","231340120","PINDOGUABA","23134012000001300","CANASTRA","Área Rural (exclusive aglomerados)","TIANGUÁ – PINDOGUABA – CANASTRA (Localidade)","SI COMPLEXO JABURU","BSI","-3.7363286191","-41.1118452397","-3.7363286191, -41.1118452397","","","","","","","","",""
"270","2313401","TIANGUÁ","231340120","PINDOGUABA","23134012000000100","PINDOGUABA","Área Urbana de Alta Densidade de Edificações","TIANGUÁ – PINDOGUABA (Sede Distrital)","SI COMPLEXO JABURU","BSI","-3.7504435383","-41.1407577175","-3.7504435383, -41.1407577175","","","","","","","","",""
"271","2313401","TIANGUÁ","231340120","PINDOGUABA","23134012000000400","VALPARAÍSO","Área Rural (exclusive aglomerados)","TIANGUÁ – PINDOGUABA – VALPARAÍSO (Localidade)","SI COMPLEXO JABURU","BSI","-3.8232191366","-41.1113448386","-3.8232191366, -41.1113448386","","","","","","","","",""
"272","2313401","TIANGUÁ","231340105","TIANGUÁ","23134010500008200","ITAGUARUNA","Área Urbana de Baixa Densidade de Edificações","TIANGUÁ – TIANGUÁ – ITAGUARUNA (Localidade)","SI COMPLEXO JABURU","BSI","-3.7504158807","-40.9360964207","-3.7504158807, -40.9360964207","","","","","","","","",""
"273","2313401","TIANGUÁ","231340105","TIANGUÁ","23134010500004900","SÍTIO SÃO JOSÉ","Área Urbana de Baixa Densidade de Edificações","TIANGUÁ – TIANGUÁ – SÍTIO SÃO JOSÉ (Localidade)","SI COMPLEXO JABURU","BSI","-3.7498189307","-40.9694028396","-3.7498189307, -40.9694028396","","","","","","","","",""
"274","2313401","TIANGUÁ","231340105","TIANGUÁ","23134010500001200","TIANGUÁ","Área Urbana de Alta Densidade de Edificações","TIANGUÁ  (Sede Municipal)","SI COMPLEXO JABURU","BSI","-3.7311339418","-40.9921550089","-3.7311339418, -40.9921550089","","","","","","","","",""
"275","2313609","UBAJARA","231360915","JABURUNA","23136091500000100","JABURUNA","Área Urbana de Alta Densidade de Edificações","UBAJARA – JABURUNA (Sede Distrital)","SI COMPLEXO JABURU","BSI","-3.8899829263","-40.973719615","-3.8899829263, -40.973719615","","","","","","","","",""
"276","2313609","UBAJARA","231360925","NOVA VENEZA","23136092500000800","NOVA VENEZA","Área Rural (exclusive aglomerados)","UBAJARA – NOVA VENEZA (Sede Distrital)","SI COMPLEXO JABURU","BSI","-3.8428442231","-41.0007631907","-3.8428442231, -41.0007631907","","","","","","","","",""
"277","2313609","UBAJARA","231360905","UBAJARA","23136090500000100","UBAJARA","Área Urbana de Alta Densidade de Edificações","UBAJARA (Sede Municipal)","SI COMPLEXO JABURU","BSI","-3.8531909254","-40.9197519446","-3.8531909254, -40.9197519446","","","","","","","","",""
"278","2313708","UMARI","231370815","PIO X","23137081500000400","PIO X","Área Rural (exclusive aglomerados)","UMARI – PIO X (Sede Distrital)","BAIXIO (JENIPAPEIRO II)","BSA","-6.6741772119","-38.7535510096","-6.6741772119, -38.7535510096","","","","","","","","",""
"279","2313955","VARJOTA","231395505","VARJOTA","23139550500000500","VARJOTA","Área Urbana de Alta Densidade de Edificações","VARJOTA (Sede Municipal)","SI COMPLEXO JABURU","BSI","-4.195856074","-40.4733374638","-4.195856074, -40.4733374638","","","","","","","","",""
"280","2314102","VIÇOSA DO CEARÁ","231410215","LAMBEDOURO","23141021500000200","LAMBEDOURO","Área Rural (exclusive aglomerados)","VIÇOSA DO CEARÁ – LAMBEDOURO (Sede Distrital)","SI COMPLEXO JABURU","BSI","-3.5862030337","-41.019223704","-3.5862030337, -41.019223704","","","","","","","","",""
"281","2314102","VIÇOSA DO CEARÁ","231410225","QUATIGUABA","23141022500001500","INHARIM","Área Rural (exclusive aglomerados)","VIÇOSA DO CEARÁ – QUATIGUABA – INHARIM (Localidade)","SI COMPLEXO JABURU","BSI","-3.6833312565","-41.1002345637","-3.6833312565, -41.1002345637","","","","","","","","",""
"282","2314102","VIÇOSA DO CEARÁ","231410225","QUATIGUABA","23141022500000700","QUATIGUABA","Área Urbana de Alta Densidade de Edificações","VIÇOSA DO CEARÁ – QUATIGUABA (Sede Distrital)","SI COMPLEXO JABURU","BSI","-3.6749029183","-41.0676626681","-3.6749029183, -41.0676626681","","","","","","","","",""
"283","2314102","VIÇOSA DO CEARÁ","231410225","QUATIGUABA","23141022500000400","QUEIMADAS","Área Rural (exclusive aglomerados)","VIÇOSA DO CEARÁ – QUATIGUABA – QUEIMADAS (Localidade)","SI COMPLEXO JABURU","BSI","-3.6549766449","-41.113048312","-3.6549766449, -41.113048312","","","","","","","","",""
"284","2314102","VIÇOSA DO CEARÁ","231410205","VIÇOSA DO CEARÁ","23141020500000200","VIÇOSA DO CEARÁ","Área Urbana de Alta Densidade de Edificações","VIÇOSA DO CEARÁ  (Sede Municipal)","SI COMPLEXO JABURU","BSI","-3.5679290818","-41.0896545249","-3.5679290818, -41.0896545249","","","","","","","","",""
"285","2314003","VÁRZEA ALEGRE","231400305","VÁRZEA ALEGRE","23140030500008000","VÁRZEA ALEGRE","Área Rural (exclusive aglomerados)","VÁRZEA ALEGRE  (Sede Municipal)","VÁRZEA ALEGRE 
(AÇUDE OLHO D’AGUA)","BSA","-6.7889415301","-39.3753805746","-6.7889415301, -39.3753805746","","","","","","","","",""
"286","2312601","SÃO LUÍS DO CURU","231260105","SÃO LUÍS DO CURU","","SÃO LUÍS DO CURU","Área Urbana de Alta Densidade de Edificações","SÃO LUÍS DO CURU (Sede Municipal)","SI SÃO LUIS DO CURU","BCL","-3.6745874806553","-39.238037242559","-3.67458748065526, -39.2380372425586","","","","","","","","",""
"287","2312403","SÃO GONÇALO DO AMARANTE","231240330","UMARITUBA","","UMARITUBA","Área Urbana de Alta Densidade de Edificações","SÃO GONÇALO DO AMARANTE – UMARITUBA (Sede Distrital)","SI SÃO GONÇALO DO AMARANTE","BCL","-3.6633611425773","-38.975277785563","-3.66336114257733, -38.975277785563","","","","","","","","",""
"288","2312403","SÃO GONÇALO DO AMARANTE","231240325","SIUPÉ","","SIUPÉ","Área Urbana de Baixa Densidade de Edificações","SÃO GONÇALO DO AMARANTE –  SIUPÉ  (Sede Distrital)","SAA SIUPÉ","BCL","-3.5288888548722","-38.900277798361","-3.52888885487221, -38.9002777983614","","","","","","","","",""
"289","2312403","SÃO GONÇALO DO AMARANTE","231240315","PECÉM","","PECÉM","Área Urbana de Baixa Densidade de Edificações","SÃO GONÇALO DO AMARANTE – PECÉM (Sede Distrital)","SAA PECÉM","BCL","-3.5556611031629","-38.824469431135","-3.55566110316295, -38.8244694311354","","","","","","","","",""
"290","2312403","SÃO GONÇALO DO AMARANTE","231240310","CROATÁ","","CROATÁ","Área Urbana de Alta Densidade de Edificações","SÃO GONÇALO DO AMARANTE – CROATÁ (Sede Distrital)","SI SÃO LUIS DO CURU","BCL","-3.6752361191893","-39.113636105","-3.67523611918928, -39.1136361050003","","","","","","","","",""
"291","2313351","TEJUÇUOCA","231335105","TEJUÇUOCA","","TEJUÇUOCA","Área Urbana de Alta Densidade de Edificações","TEJUÇUOCA (Sede Municipal)","SAA TEJUÇUOCA","BCL","-3.9893801470093","-39.582132398578","-3.98938014700926, -39.5821323985779","","","","","","","","",""
"292","2313559","TURURU","231355905","TURURU","","TURURU","Área Urbana de Alta Densidade de Edificações","TURURU (Sede Municipal)","SI URUBURETAMA","BCL","-3.5990474997511","-39.435034172963","-3.59904749975115, -39.4350341729631","","","","","","","","",""
"293","2313500","TRAIRI","231350010","MUNDAÚ","","MUNDAÚ","Área Rural (exclusive aglomerados)","TRAIRI – MUNDAÚ (Sede Distrital)","SAA MUNDAÚ","BCL","-3.1852777995604","-39.368555532408","-3.18527779956035, -39.3685555324078","","","","","","","","",""
"294","2313500","TRAIRI","231350005","TRAIRI","","TRAIRI","Área Rural (exclusive aglomerados)","TRAIRI (Sede Municipal)","SAA TRAIRI","BCL","-3.2708249813159","-39.249122247436","-3.27082498131592, -39.2491222474356","","","","","","","","",""
"295","2313757","UMIRIM","231375720","CAXITORÉ","","CAXITORÉ","Área Rural (exclusive aglomerados)","UMIRIM – CAXITORÉ (Sede Distrital)","SI UMIRIM","BCL","-3.7405555236603","-39.357777765254","-3.74055552366031, -39.3577777652545","","","","","","","","",""
"296","2313757","UMIRIM","231375705","UMIRIM","","UMIRIM","Área Urbana de Baixa Densidade de Edificações","UMIRIM (Sede Municipal)","SI UMIRIM","BCL","-3.6752083410389","-39.336469402229","-3.67520834103888, -39.3364694022285","","","","","","","","",""
"297","2313559","TURURU","231355910","CEMOABA","","CEMOABA","Área Urbana de Alta Densidade de Edificações","TURURU – CEMOABA (Sede Distrital)","SAA CEMOABA","BCL","-3.464722253607","-39.421666706176","-3.46472225360697, -39.4216667061761","","","","","","","","",""
"298","2313807","URUBURETAMA","231380705","URUBURETAMA","","URUBURETAMA","Área Rural (exclusive aglomerados)","URUBURETAMA (Sede Municipal)","SI URUBURETAMA","BCL","-3.6314444737563","-39.517388868838","-3.6314444737563, -39.5173888688376","","","","","","","","",""
"299","2313757","UMIRIM","231375730","SÃO JOAQUIM","","SÃO JOAQUIM","Área Rural (exclusive aglomerados)","UMIRIM – SÃO JOAQUIM (Sede Distrital)","SAA SÃO JOAQUIM","BCL","-3.692222184179","-39.454722192128","-3.69222218417897, -39.454722192128","","","","","","","","",""
"300","2308377","MIRAÍMA","230837710","BROTAS","","BROTAS","Área Urbana de Alta Densidade de Edificações","MIRAÍMA – BROTAS (Sede Distrital)","SAA BROTAS","BCL","-3.5702277741821","-39.767399994387","-3.57022777418212, -39.7673999943867","","","","","","","","",""
"301","2308377","MIRAÍMA","230837705","MIRAÍMA","","MIRAÍMA","Área Urbana de Alta Densidade de Edificações","MIRAÍMA (Sede Municipal)","SAA MIRAÍMA","BCL","-3.5692099719863","-39.971365269189","-3.56920997198633, -39.9713652691891","","","","","","","","",""
"302","2310258","PARAIPABA","231025820","LAGOINHA","","LAGOINHA","Área Urbana de Alta Densidade de Edificações","PARAIPABA – LAGOINHA (Sede Distrital)","SAA LAGOINHA","BCL","-3.3502777855485","-39.135277790224","-3.35027778554846, -39.1352777902241","","","","","","","","",""
"303","2310258","PARAIPABA","231025805","PARAIPABA","","PARAIPABA","Área Urbana de Alta Densidade de Edificações","PARAIPABA (Sede Municipal)","SAA PARAIPABA","BCL","-3.4323888894059","-39.149305512132","-3.43238888940587, -39.1493055121325","","","","","","","","",""
"304","2310209","PARACURU","231020920","POÇO DOCE","","POÇO DOCE","Área Urbana de Alta Densidade de Edificações","PARACURU – POÇO DOCE (Sede Distrital)","SAA POÇO DOCE","BCL","-3.4421749837672","-39.108663900438","-3.44217498376721, -39.108663900438","","","","","","","","",""
"305","2310209","PARACURU","231020905","PARACURU","","PARACURU","Área Urbana de Alta Densidade de Edificações","PARACURU (Sede Municipal)","SAA PARACURU","BCL","-3.4263333461203","-39.028555586918","-3.42633334612028, -39.0285555869183","","","","","","","","",""
"306","2310704","PENTECOSTE","231070420","SEBASTIÃO DE ABREU","","SEBASTIÃO DE ABREU","Área Rural (exclusive aglomerados)","PENTECOSTE – SEBASTIÃO DE ABREU (Sede Distrital)","SAA SEBASTIÃO DE ABREU","BCL","-3.8527777727044","-39.337500023572","-3.85277777270445, -39.3375000235722","","","","","","","","",""
"307","2310704","PENTECOSTE","231070405","PENTECOSTE","","PENTECOSTE","Área Urbana de Alta Densidade de Edificações","PENTECOSTE (Sede Municipal)","SAA PENTECOSTE","BCL","-3.7971944629087","-39.267333372465","-3.79719446290873, -39.267333372465","","","","","","","","",""
"308","2306405","ITAPIPOCA","230640505","ITAPIPOCA","","LAGOA DA CRUZ","Área Rural (exclusive aglomerados)","ITAPIPOCA – ITAPIPOCA – LAGOA DA CRUZ (Localidade)","SAA LAGOA DA CRUZ","BCL","-3.43750002432","-39.628499962424","-3.43750002431999, -39.6284999624244","","","","","","","","",""
"309","2306405","ITAPIPOCA","230640505","ITAPIPOCA","","ITAPIPOCA","Área Rural (exclusive aglomerados)","ITAPIPOCA (Sede Municipal)","SAA ITAPIPOCA","BCL","-3.4898062677022","-39.606809243302","-3.4898062677022, -39.6068092433023","","","","","","","","",""
"310","2306108","IRAUÇUBA","230610805","IRAUÇUBA","","IRAUÇUBA","Área Urbana de Baixa Densidade de Edificações","IRAUÇUBA (Sede Municipal)","SAA IRAUÇUBA","BCL","-3.745833354308","-39.774416629841","-3.74583335430802, -39.7744166298415","","","","","","","","",""
"311","2306553","ITAREMA","230655305","ITAREMA","","ITAREMA","Área Urbana de Alta Densidade de Edificações","ITAREMA (Sede Municipal)","SAA ITAREMA","BCL","-2.9247249904007","-39.911138893936","-2.92472499040073, -39.9111388939359","","","","","","","","",""
"312","2306405","ITAPIPOCA","230640547","DESERTO","","DESERTO","Área Rural (exclusive aglomerados)","ITAPIPOCA – DESERTO (Sede Distrital)","SAA DESERTO","BCL","-3.5748610666396","-39.456555513842","-3.57486106663956, -39.4565555138415","","","","","","","","",""
"313","2306553","ITAREMA","230655310","ALMOFALA","","TORRÕES","Povoado","ITAREMA – ALMOFALA – TORRÕES (Localidade)","SAA TORRÔES","BCL","-2.9532361420807","-39.798527813892","-2.95323614208066, -39.7985278138919","","","","","","","","",""
"314","2412005","SÃO GONÇALO DO AMARANTE","241200505","SÃO GONÇALO DO AMARANTE","","SÃO GONÇALO DO AMARANTE","Área Urbana de Alta Densidade de Edificações","SÃO GONÇALO DO AMARANTE (Sede Municipal)","SI SÃO GONÇALO DO AMARANTE","BCL","-3.6825278060462","-38.920000019792","-3.68252780604619, -38.9200000197916","","","","","","","","",""
"315","2304608","GENERAL SAMPAIO","230460805","GENERAL SAMPAIO","","GENERAL SAMPAIO","Área Rural (exclusive aglomerados)","GENERAL SAMPAIO (Sede Municipal)","SAA GENERAL SAMPAIO","BCL","-4.0535110754434","-39.455152798819","-4.05351107544339, -39.4551527988187","","","","","","","","",""
"316","2300903","APUIARÉS","230090305","APUIARÉS","","APUIARÉS","Área Urbana de Alta Densidade de Edificações","APUIARÉS (Sede Municipal)","SAA APUIARÉS","BCL","-3.9504611332507","-39.430980571244","-3.95046113325073, -39.4309805712437","","","","","","","","",""
